personid,age,tenure,grosswage,children,bedroom,commute,men,married,volunteer,high_educ,WFHShare,calls
3224,30.0,113.0,3.8248823,no,no,40.0,1.0,0.0,0.0,0.0,,
3906,33.0,96.0,2.7375467,yes,yes,180.0,0.0,1.0,1.0,0.0,0.0,342.0
4118,31.0,94.0,3.46038,yes,no,180.0,0.0,1.0,0.0,1.0,,
4122,30.0,94.0,4.096246,no,no,180.0,0.0,0.0,0.0,0.0,,
4164,28.0,25.0,7.2532,no,yes,65.0,0.0,1.0,1.0,1.0,0.0,172.0
4252,29.0,94.0,4.0608325,no,no,140.0,0.0,0.0,0.0,1.0,,
4448,35.0,92.0,4.269296,yes,yes,100.0,0.0,1.0,1.0,0.0,0.0,276.0
4942,27.0,82.0,5.2953954,no,yes,160.0,0.0,1.0,1.0,0.0,0.0,247.0
4944,25.0,82.0,4.477011,no,yes,180.0,0.0,0.0,0.0,1.0,,
4992,25.0,82.0,3.8015378,no,yes,240.0,0.0,0.0,1.0,0.0,0.0,193.0
5018,29.0,82.0,1.3875899,yes,yes,240.0,0.0,1.0,1.0,0.0,0.0,171.0
5560,29.0,79.0,4.420188,yes,yes,50.0,1.0,1.0,0.0,1.0,,
5606,26.0,79.0,3.0919712,no,no,120.0,0.0,0.0,0.0,0.0,,
5614,32.0,79.0,3.8260088,no,yes,80.0,1.0,1.0,0.0,0.0,,
5742,26.0,78.0,6.733743,no,yes,60.0,0.0,1.0,0.0,0.0,,
5784,31.0,78.0,2.9404178,no,yes,160.0,0.0,0.0,0.0,1.0,,
5906,23.0,78.0,4.593881,yes,yes,180.0,0.0,1.0,1.0,0.0,0.0,213.0
5930,23.0,78.0,4.410223,no,no,50.0,0.0,0.0,0.0,0.0,,
6162,31.0,77.0,3.8107321,no,yes,120.0,0.0,0.0,0.0,0.0,,
6278,32.0,77.0,2.918789,yes,yes,170.0,0.0,1.0,1.0,1.0,0.0,264.0
6284,23.0,77.0,3.9908912,no,no,60.0,0.0,0.0,1.0,1.0,0.0,340.0
6300,33.0,76.0,3.3604422,no,yes,80.0,1.0,0.0,0.0,1.0,,
6342,30.0,76.0,3.923372,yes,yes,120.0,0.0,1.0,0.0,0.0,,
6344,27.0,76.0,4.516857,yes,yes,120.0,0.0,1.0,0.0,0.0,,
6362,29.0,82.0,4.894708,yes,yes,200.0,0.0,1.0,1.0,0.0,0.0,207.0
6364,26.0,82.0,6.2207456,yes,yes,180.0,0.0,1.0,1.0,0.0,0.0,229.0
6856,31.0,73.0,2.121591,no,yes,180.0,0.0,0.0,0.0,1.0,,
6898,24.0,73.0,4.639574,no,no,120.0,1.0,0.0,0.0,0.0,,
6904,23.0,73.0,3.744671,no,no,45.0,0.0,0.0,0.0,0.0,,
6924,22.0,73.0,4.9445286,no,yes,110.0,0.0,0.0,0.0,0.0,,
7056,27.0,72.0,5.06307,yes,no,80.0,1.0,1.0,1.0,1.0,0.0,397.0
7068,28.0,72.0,4.341824,no,yes,40.0,0.0,1.0,1.0,1.0,0.0,730.0
7076,30.0,72.0,2.66415,yes,yes,120.0,0.0,1.0,1.0,1.0,0.0,237.0
7132,22.0,72.0,3.6314757,no,yes,50.0,0.0,0.0,0.0,0.0,,
7184,27.0,71.0,4.2302675,no,yes,120.0,0.0,1.0,0.0,0.0,,
7240,23.0,71.0,4.35887,no,no,40.0,0.0,0.0,0.0,1.0,,
7324,27.0,71.0,4.6434965,no,no,90.0,1.0,0.0,0.0,0.0,,
7454,24.0,70.0,2.0513732,no,yes,85.0,0.0,1.0,0.0,1.0,,
7456,25.0,70.0,4.9626255,no,no,120.0,0.0,0.0,0.0,0.0,,
7488,25.0,70.0,3.072209,no,yes,240.0,0.0,0.0,0.0,0.0,,
7538,24.0,70.0,3.3498802,no,no,120.0,0.0,0.0,0.0,1.0,,
7660,25.0,70.0,3.49544,no,yes,240.0,0.0,0.0,1.0,0.0,0.0,372.0
7720,25.0,70.0,3.0483878,no,yes,180.0,0.0,0.0,1.0,1.0,0.0,310.0
7820,28.0,70.0,3.5054533,yes,yes,180.0,1.0,1.0,0.0,1.0,,
7856,22.0,70.0,5.1482167,no,no,40.0,1.0,0.0,0.0,0.0,,
7872,22.0,70.0,3.6174922,no,no,60.0,0.0,0.0,0.0,0.0,,
7896,22.0,70.0,3.822452,no,no,60.0,0.0,0.0,0.0,0.0,,
7978,29.0,69.0,4.3938274,yes,yes,180.0,0.0,1.0,1.0,1.0,0.0,298.0
8440,24.0,67.0,1.5288833,no,yes,80.0,0.0,0.0,0.0,0.0,,
8522,30.0,66.0,4.192242,yes,yes,120.0,0.0,1.0,1.0,0.0,0.0,242.0
8830,22.0,66.0,5.8753214,no,no,30.0,0.0,0.0,0.0,0.0,,
8834,22.0,66.0,3.6427166,no,no,60.0,0.0,0.0,1.0,0.0,0.0,714.0
8854,22.0,66.0,4.259261,no,yes,60.0,0.0,0.0,0.0,0.0,,
8858,23.0,25.0,4.3171253,no,yes,90.0,0.0,0.0,0.0,1.0,,
8980,25.0,65.0,1.9734234,no,yes,120.0,0.0,0.0,1.0,0.0,0.0,296.0
9070,23.0,66.0,4.0421543,no,yes,60.0,0.0,0.0,0.0,1.0,,
9072,23.0,66.0,4.316552,no,no,40.0,0.0,0.0,0.0,0.0,,
9086,22.0,66.0,3.2136621,no,no,100.0,0.0,0.0,1.0,0.0,0.0,154.0
9106,23.0,25.0,3.6806667,no,yes,20.0,0.0,0.0,0.0,1.0,,
9426,23.0,68.0,3.2903333,no,yes,30.0,0.0,0.0,1.0,0.0,0.0,177.0
9432,22.0,65.0,4.927182,no,no,40.0,0.0,0.0,0.0,0.0,,
9460,23.0,65.0,5.8756423,no,yes,40.0,0.0,0.0,0.0,0.0,,
9666,26.0,64.0,2.7383602,no,no,50.0,1.0,1.0,0.0,1.0,,
9710,33.0,64.0,3.9029267,no,yes,120.0,0.0,1.0,1.0,0.0,0.0,268.0
9886,30.0,25.0,3.8439844,no,yes,80.0,0.0,0.0,0.0,1.0,,
10024,26.0,63.0,3.3279943,yes,yes,230.0,0.0,1.0,0.0,1.0,,
10098,28.0,63.0,4.3152037,yes,yes,180.0,0.0,1.0,1.0,1.0,0.0,348.0
10210,23.0,62.0,4.09018,no,no,60.0,0.0,0.0,1.0,0.0,0.0,665.0
10226,22.0,62.0,3.3343222,no,no,60.0,0.0,0.0,1.0,0.0,0.43434343,227.0
10228,22.0,62.0,5.9146934,no,no,30.0,1.0,0.0,1.0,0.0,0.72727275,204.0
10236,22.0,62.0,3.9678166,no,no,55.0,0.0,0.0,1.0,0.0,0.9444444,702.0
10356,27.0,62.0,3.796718,no,yes,60.0,1.0,0.0,0.0,1.0,,
10450,27.0,61.0,4.5207467,no,yes,180.0,0.0,0.0,0.0,1.0,,
10794,32.0,60.0,4.169194,yes,yes,120.0,0.0,1.0,1.0,0.0,0.16161616,154.0
10822,26.0,60.0,2.99627,no,yes,70.0,0.0,1.0,1.0,0.0,0.26262626,162.0
10868,30.0,60.0,1.4717622,yes,yes,130.0,0.0,1.0,0.0,0.0,,
11034,25.0,59.0,3.9688244,no,no,40.0,0.0,0.0,0.0,1.0,,
11062,22.0,59.0,3.3237,no,no,40.0,0.0,0.0,1.0,0.0,0.82828283,456.0
11128,28.0,59.0,3.9076154,no,yes,40.0,0.0,1.0,0.0,1.0,,
11212,32.0,59.0,3.6687167,no,no,180.0,0.0,0.0,0.0,0.0,,
11238,23.0,59.0,3.4772835,no,no,80.0,1.0,0.0,1.0,1.0,0.6515151,727.0
11314,25.0,59.0,3.74853,no,yes,120.0,1.0,0.0,1.0,1.0,0.6818182,539.0
11348,25.0,59.0,2.752518,yes,yes,120.0,0.0,1.0,1.0,0.0,0.9040404,611.0
11362,27.0,59.0,3.9455733,yes,yes,180.0,0.0,1.0,0.0,0.0,,
11386,26.0,59.0,3.5143433,no,no,80.0,1.0,0.0,0.0,0.0,,
11390,31.0,59.0,4.7715454,no,yes,60.0,1.0,1.0,1.0,0.0,0.3181818,724.0
11582,22.0,58.0,3.71543,no,yes,50.0,0.0,0.0,0.0,0.0,,
11814,24.0,58.0,5.930838,no,yes,50.0,0.0,0.0,0.0,0.0,,
11868,30.0,57.0,2.7679133,no,yes,120.0,1.0,0.0,1.0,1.0,0.6010101,509.0
11870,28.0,57.0,3.38325,no,yes,20.0,0.0,0.0,0.0,0.0,,
11896,29.0,57.0,3.5289278,yes,yes,120.0,1.0,1.0,0.0,1.0,,
12150,33.0,57.0,2.9225345,yes,yes,150.0,0.0,1.0,0.0,1.0,,
12306,24.0,56.0,3.4949443,no,yes,180.0,1.0,0.0,1.0,0.0,0.07070707,199.0
12350,29.0,56.0,4.3548565,yes,yes,180.0,1.0,1.0,0.0,0.0,,
12426,30.0,56.0,2.8134468,no,yes,60.0,0.0,1.0,1.0,1.0,0.16161616,62.0
12806,23.0,55.0,2.390318,no,no,80.0,0.0,0.0,1.0,0.0,0.540404,382.0
12896,26.0,54.0,4.395289,no,yes,150.0,0.0,1.0,1.0,1.0,0.74747473,536.0
12974,22.0,54.0,3.8363302,no,yes,20.0,0.0,0.0,0.0,0.0,,
13010,21.0,54.0,4.32598,no,no,70.0,0.0,0.0,1.0,0.0,0.1010101,467.0
13054,25.0,54.0,3.4843545,no,no,120.0,0.0,0.0,0.0,1.0,,
13056,28.0,54.0,2.136348,no,yes,60.0,1.0,0.0,0.0,0.0,,
13118,22.0,54.0,2.8010588,no,yes,125.0,1.0,0.0,0.0,1.0,,
13214,21.0,54.0,2.7348032,no,no,120.0,0.0,0.0,0.0,0.0,,
13222,21.0,54.0,4.109039,no,no,60.0,0.0,0.0,0.0,1.0,,
13250,25.0,54.0,4.74861,no,yes,60.0,0.0,0.0,1.0,1.0,0.055555556,268.0
13346,21.0,53.0,4.6262054,no,no,40.0,0.0,0.0,1.0,1.0,0.2979798,249.0
13484,25.0,53.0,2.7452157,no,yes,90.0,0.0,0.0,0.0,1.0,,
13486,23.0,53.0,2.3599699,no,yes,10.0,1.0,0.0,0.0,0.0,,
13530,29.0,53.0,2.9978867,no,yes,100.0,1.0,0.0,1.0,0.0,0.9040404,701.0
13574,30.0,53.0,4.197055,yes,yes,190.0,1.0,1.0,1.0,1.0,0.65656567,498.0
13664,25.0,53.0,3.9619966,no,no,60.0,1.0,0.0,1.0,1.0,0.17676768,253.0
13710,30.0,52.0,3.8624947,yes,yes,120.0,1.0,1.0,1.0,1.0,0.9292929,557.0
13812,25.0,36.0,3.3776224,no,no,90.0,0.0,0.0,0.0,1.0,,
13980,28.0,51.0,4.4680867,no,yes,120.0,0.0,0.0,0.0,0.0,,
14048,28.0,51.0,3.6995213,yes,yes,180.0,0.0,1.0,1.0,0.0,0.4090909,404.0
14212,26.0,51.0,3.458298,no,yes,120.0,1.0,0.0,1.0,1.0,0.989899,725.0
14220,28.0,51.0,2.7996411,yes,yes,240.0,1.0,1.0,1.0,0.0,0.82323235,616.0
14266,26.0,51.0,3.0967278,no,yes,60.0,0.0,1.0,0.0,0.0,,
14374,28.0,50.0,3.3623633,no,yes,2.5,0.0,0.0,1.0,1.0,0.85858583,738.0
14380,25.0,50.0,3.0946934,no,no,130.0,0.0,1.0,1.0,1.0,0.7878788,773.0
14382,26.0,50.0,5.1260633,yes,yes,190.0,0.0,1.0,1.0,1.0,0.030303031,171.0
14384,32.0,50.0,3.6653888,no,yes,180.0,0.0,0.0,1.0,1.0,0.46464646,440.0
14522,29.0,50.0,3.402489,no,yes,40.0,1.0,0.0,1.0,0.0,0.74242425,661.0
14528,28.0,50.0,2.6626198,yes,yes,65.0,0.0,1.0,1.0,0.0,0.035353534,136.0
14532,26.0,50.0,2.9423811,no,yes,120.0,0.0,0.0,1.0,0.0,0.48989898,462.0
14556,26.0,50.0,3.7961645,yes,yes,120.0,0.0,1.0,1.0,1.0,0.5808081,514.0
14672,23.0,50.0,2.9062588,no,yes,30.0,0.0,0.0,1.0,0.0,0.6010101,250.0
14678,26.0,50.0,3.7973533,no,yes,60.0,1.0,1.0,1.0,1.0,0.2979798,267.0
14682,23.0,50.0,3.9770288,no,yes,80.0,1.0,0.0,0.0,0.0,,
14704,25.0,50.0,4.0076942,no,no,50.0,0.0,0.0,0.0,1.0,,
14724,24.0,50.0,5.95908,no,yes,30.0,1.0,0.0,0.0,1.0,,
14734,25.0,50.0,5.2125,no,yes,50.0,1.0,0.0,0.0,1.0,,
14804,29.0,25.0,3.6911023,yes,yes,150.0,0.0,1.0,0.0,1.0,,
14926,28.0,50.0,4.925762,no,yes,20.0,1.0,0.0,0.0,1.0,,
15098,25.0,49.0,4.404284,no,no,60.0,0.0,0.0,0.0,1.0,,
15148,25.0,49.0,2.7831867,no,yes,36.0,0.0,0.0,1.0,1.0,0.10606061,188.0
15294,25.0,49.0,3.7159467,no,yes,80.0,0.0,0.0,1.0,0.0,0.8333333,541.0
15436,23.0,49.0,4.1681857,no,no,40.0,0.0,0.0,1.0,0.0,0.94949496,682.0
15444,27.0,49.0,3.27178,no,yes,120.0,0.0,1.0,1.0,1.0,0.6262626,508.0
15452,26.0,49.0,2.66299,no,yes,30.0,1.0,0.0,0.0,1.0,,
15704,27.0,48.0,2.8402689,no,yes,150.0,0.0,1.0,0.0,0.0,,
15732,25.0,48.0,1.0904567,no,yes,80.0,0.0,0.0,0.0,1.0,,
15836,31.0,48.0,3.318231,no,no,30.0,1.0,0.0,1.0,1.0,0.82828283,656.0
15862,26.0,48.0,3.8316634,no,yes,80.0,0.0,0.0,0.0,1.0,,
16104,28.0,44.5,3.7076747,no,yes,120.0,1.0,1.0,0.0,0.0,,
16334,30.0,47.0,3.4295022,yes,yes,240.0,1.0,1.0,1.0,1.0,0.45454547,407.0
16410,25.0,47.0,3.8790488,no,no,30.0,1.0,0.0,0.0,1.0,,
16422,29.0,47.0,2.2396276,yes,yes,90.0,0.0,1.0,1.0,1.0,0.53535354,638.0
16424,22.0,47.0,3.1301768,no,yes,180.0,0.0,0.0,1.0,0.0,0.86868685,595.0
16514,28.0,47.0,2.3920667,no,yes,70.0,1.0,0.0,1.0,0.0,0.45454547,692.0
16518,27.0,47.0,3.268999,no,yes,180.0,1.0,0.0,0.0,0.0,,
16538,22.0,47.0,3.1119468,no,no,180.0,1.0,0.0,0.0,0.0,,
16564,30.0,47.0,3.0948277,no,yes,30.0,1.0,0.0,1.0,0.0,0.9040404,578.0
16594,29.0,47.0,3.6042979,yes,yes,160.0,0.0,1.0,1.0,1.0,0.17171717,149.0
16596,34.0,47.0,4.7260346,yes,yes,40.0,1.0,1.0,1.0,1.0,0.86868685,584.0
16654,29.0,47.0,2.666011,yes,yes,90.0,0.0,1.0,0.0,0.0,,
16806,28.0,46.0,2.4147966,yes,yes,120.0,1.0,1.0,0.0,1.0,,
16812,24.0,46.0,3.0640123,no,yes,80.0,0.0,0.0,0.0,0.0,,
16870,21.0,46.0,2.4054167,no,no,120.0,1.0,0.0,1.0,1.0,0.66161615,520.0
17000,27.0,46.0,4.5554433,no,no,20.0,1.0,0.0,0.0,1.0,,
17014,27.0,46.0,4.1354113,no,yes,120.0,1.0,0.0,0.0,1.0,,
17058,23.0,46.0,2.623,no,yes,140.0,0.0,0.0,1.0,0.0,0.4949495,413.0
17160,27.0,46.0,3.3902433,yes,yes,180.0,1.0,1.0,1.0,1.0,0.3030303,442.0
17166,27.0,46.0,4.1173334,no,yes,180.0,0.0,0.0,0.0,0.0,,
17172,28.0,46.0,4.641931,no,yes,240.0,0.0,0.0,1.0,1.0,0.64141417,541.0
17178,25.0,46.0,3.7911956,no,no,40.0,0.0,0.0,0.0,0.0,,
17180,24.0,46.0,3.174589,no,no,120.0,0.0,0.0,1.0,0.0,0.8333333,758.0
17274,26.0,46.0,3.1348279,yes,yes,120.0,0.0,1.0,0.0,1.0,,
17290,31.0,46.0,5.9103727,yes,no,210.0,0.0,1.0,1.0,0.0,0.66161615,495.0
17386,23.0,45.0,2.3342412,yes,yes,120.0,0.0,1.0,0.0,0.0,,
17518,30.0,45.0,3.7134566,yes,yes,190.0,0.0,1.0,1.0,0.0,0.121212125,186.0
17524,25.0,45.0,2.5359511,no,no,80.0,0.0,0.0,1.0,0.0,0.34848484,697.0
17572,23.0,45.0,4.003351,no,yes,210.0,0.0,0.0,1.0,0.0,0.6969697,547.0
17616,23.0,45.0,2.7490478,no,yes,150.0,0.0,0.0,1.0,0.0,0.47474748,429.0
17668,23.0,45.0,3.991341,no,yes,40.0,0.0,0.0,0.0,0.0,,
17714,29.0,45.0,2.826089,yes,yes,40.0,0.0,1.0,0.0,1.0,,
17722,24.0,45.0,4.19518,no,yes,120.0,1.0,0.0,1.0,0.0,0.5050505,499.0
17752,25.0,45.0,3.5489633,no,yes,60.0,1.0,0.0,1.0,1.0,0.025252525,623.0
17800,27.0,45.0,3.5358,no,no,50.0,1.0,0.0,0.0,1.0,,
17812,28.0,45.0,4.70516,yes,yes,150.0,1.0,1.0,0.0,0.0,,
17906,27.0,45.0,2.5038145,no,yes,210.0,0.0,1.0,0.0,1.0,,
17908,27.0,45.0,3.1488588,yes,yes,105.0,1.0,1.0,0.0,1.0,,
17918,29.0,47.5,2.3846402,yes,no,80.0,0.0,1.0,0.0,1.0,,
17926,25.0,45.0,4.0380645,no,yes,20.0,0.0,0.0,0.0,1.0,,
18112,27.0,44.0,2.7862556,no,yes,120.0,0.0,0.0,1.0,1.0,0.66161615,481.0
18148,22.0,44.0,5.030441,no,no,40.0,0.0,0.0,0.0,0.0,,
18222,26.0,44.0,2.257831,no,no,40.0,0.0,0.0,0.0,1.0,,
18346,27.0,25.0,3.5644066,no,yes,220.0,0.0,0.0,1.0,1.0,0.82828283,623.0
18366,24.0,44.0,3.1403933,no,no,20.0,0.0,0.0,1.0,1.0,0.17171717,52.0
18380,27.0,44.0,3.22542,no,yes,90.0,1.0,1.0,1.0,1.0,0.21717171,562.0
18454,25.0,44.0,3.775181,no,yes,100.0,1.0,1.0,1.0,0.0,0.7323232,242.0
18476,23.0,44.0,3.4859512,no,yes,180.0,0.0,0.0,0.0,0.0,,
18494,31.0,44.0,3.2129254,no,yes,180.0,1.0,0.0,1.0,0.0,0.5252525,512.0
18502,26.0,44.0,2.3131669,no,yes,210.0,1.0,1.0,1.0,0.0,0.3939394,473.0
18634,23.0,43.0,3.4158845,no,yes,120.0,0.0,0.0,0.0,0.0,,
18650,25.0,43.0,3.3426323,no,yes,120.0,1.0,0.0,1.0,1.0,0.47474748,417.0
18656,27.0,43.0,2.5086868,no,yes,150.0,0.0,0.0,0.0,0.0,,
18776,22.0,43.0,4.1839623,no,yes,60.0,1.0,0.0,0.0,1.0,,
18786,27.0,43.0,2.2973602,no,yes,90.0,0.0,1.0,0.0,0.0,,
19012,27.0,43.0,1.8491844,yes,yes,90.0,0.0,1.0,0.0,0.0,,
19018,23.0,43.0,4.16654,no,no,120.0,0.0,0.0,0.0,0.0,,
19028,23.0,43.0,3.5295444,no,yes,120.0,0.0,0.0,0.0,0.0,,
19136,21.0,42.0,3.5800178,no,no,35.0,0.0,0.0,0.0,0.0,,
19140,23.0,42.0,3.1589513,no,yes,30.0,0.0,0.0,0.0,1.0,,
19142,21.0,42.0,3.548409,no,no,20.0,0.0,0.0,0.0,0.0,,
19144,20.0,42.0,3.8351867,no,yes,30.0,0.0,0.0,0.0,1.0,,
19146,21.0,42.0,3.3134155,no,yes,80.0,0.0,0.0,0.0,0.0,,
19186,20.0,42.0,3.446391,no,yes,90.0,0.0,0.0,1.0,0.0,0.66161615,289.0
19260,22.0,42.0,2.7414956,no,no,2.7,1.0,0.0,1.0,1.0,0.6262626,343.0
19266,22.0,42.0,4.070942,no,yes,65.0,1.0,0.0,0.0,0.0,,
19268,23.0,42.0,3.9852912,no,no,100.0,1.0,0.0,0.0,1.0,,
19296,25.0,42.0,3.8101943,no,no,105.0,1.0,1.0,0.0,0.0,,
19344,26.0,42.0,3.9038167,no,no,160.0,0.0,0.0,1.0,1.0,0.11111111,182.0
19470,25.0,42.0,3.5001233,no,yes,60.0,0.0,0.0,0.0,1.0,,
19482,23.0,42.0,2.7133322,no,yes,180.0,1.0,0.0,1.0,0.0,0.18686868,178.0
19544,25.0,25.0,3.3879843,no,no,90.0,0.0,0.0,1.0,1.0,0.7676768,636.0
19558,26.0,25.0,3.7050955,no,yes,40.0,0.0,0.0,1.0,1.0,0.18181819,261.0
19576,23.0,42.0,3.4961178,no,yes,70.0,1.0,0.0,1.0,1.0,0.41414142,306.0
19684,22.0,41.0,2.7337523,no,yes,180.0,0.0,0.0,1.0,1.0,0.16666667,204.0
19712,21.0,41.0,3.0223567,no,no,30.0,0.0,0.0,1.0,1.0,0.7323232,745.0
20260,23.0,39.0,4.672197,no,no,40.0,0.0,0.0,1.0,1.0,0.045454547,582.0
20356,24.0,39.0,3.134609,no,no,40.0,0.0,0.0,0.0,1.0,,
20386,26.0,39.0,2.953568,no,yes,70.0,0.0,1.0,0.0,1.0,,
20536,26.0,38.0,3.7286656,no,yes,60.0,0.0,0.0,1.0,1.0,0.1919192,72.0
20568,23.0,38.0,3.8858354,no,no,30.0,0.0,0.0,0.0,0.0,,
20708,21.0,38.0,3.0945213,no,no,60.0,1.0,0.0,0.0,0.0,,
20790,25.0,38.0,4.056359,no,no,40.0,0.0,0.0,1.0,1.0,0.9141414,771.0
20804,26.0,38.0,3.2056422,no,no,40.0,0.0,0.0,1.0,1.0,0.9949495,542.0
20994,24.0,38.0,3.9896567,no,yes,180.0,1.0,0.0,1.0,1.0,0.59090906,491.0
21014,24.0,25.0,3.7158668,no,yes,30.0,0.0,0.0,0.0,1.0,,
21060,24.0,38.0,3.2551234,no,yes,20.0,0.0,0.0,1.0,1.0,0.42424244,567.0
21068,25.0,38.0,3.7650187,no,yes,60.0,0.0,0.0,0.0,1.0,,
21126,25.0,38.0,2.4348133,no,yes,120.0,0.0,0.0,0.0,1.0,,
21138,25.0,38.0,2.763249,no,yes,120.0,1.0,0.0,1.0,0.0,0.1010101,280.0
21142,25.0,38.0,3.663141,no,yes,130.0,0.0,1.0,0.0,1.0,,
21286,25.0,37.0,2.6855145,no,no,30.0,1.0,0.0,1.0,0.0,0.24747474,672.0
21312,24.0,25.0,3.2305489,no,no,40.0,0.0,0.0,0.0,1.0,,
21454,22.0,37.0,3.5118167,no,no,120.0,1.0,0.0,0.0,1.0,,
21472,24.0,37.0,2.5875034,no,yes,70.0,0.0,0.0,0.0,1.0,,
21474,25.0,37.0,2.7566977,no,yes,100.0,1.0,0.0,0.0,0.0,,
21478,27.0,37.0,3.4119534,no,no,130.0,1.0,0.0,0.0,0.0,,
21492,27.0,37.0,3.2355423,no,no,40.0,0.0,0.0,1.0,1.0,0.4090909,417.0
21592,22.0,37.0,3.5140011,no,no,30.0,0.0,0.0,0.0,0.0,,
21604,24.0,37.0,3.0380278,no,yes,200.0,0.0,0.0,1.0,0.0,0.6212121,500.0
21610,20.0,37.0,3.487799,no,yes,140.0,1.0,0.0,1.0,0.0,0.959596,580.0
21614,25.0,37.0,2.9098122,no,yes,110.0,0.0,0.0,0.0,1.0,,
21622,25.0,37.0,3.349172,no,yes,30.0,0.0,1.0,0.0,0.0,,
21648,26.0,37.0,2.6443167,yes,yes,75.0,1.0,1.0,1.0,1.0,0.6010101,457.0
21654,29.0,37.0,4.1014285,no,yes,80.0,0.0,0.0,1.0,1.0,0.82323235,564.0
21670,28.0,25.0,3.2536354,no,yes,90.0,0.0,0.0,1.0,1.0,0.3838384,246.0
21696,25.0,37.0,4.988572,no,yes,60.0,0.0,0.0,1.0,0.0,0.959596,708.0
21704,23.0,37.0,3.079479,no,no,50.0,0.0,0.0,0.0,1.0,,
21710,30.0,37.0,2.61698,no,yes,90.0,1.0,1.0,1.0,1.0,0.74747473,550.0
21746,21.0,37.0,2.8369355,no,yes,90.0,0.0,0.0,0.0,0.0,,
21990,26.0,36.0,2.62348,no,yes,60.0,1.0,0.0,1.0,0.0,0.23232323,345.0
21996,26.0,36.0,3.2235112,no,no,120.0,0.0,0.0,0.0,0.0,,
22022,22.0,36.0,3.4560156,no,yes,120.0,0.0,0.0,1.0,0.0,0.9191919,745.0
22080,24.0,36.0,3.571901,no,no,60.0,0.0,0.0,0.0,1.0,,
22082,22.0,36.0,3.5133724,no,no,60.0,0.0,0.0,0.0,1.0,,
22130,25.0,36.0,2.5165932,no,yes,80.0,0.0,0.0,0.0,1.0,,
22132,25.0,36.0,4.4988065,no,yes,20.0,0.0,0.0,1.0,1.0,0.93939394,495.0
22136,21.0,36.0,3.0249944,no,yes,40.0,0.0,0.0,1.0,0.0,0.34343433,23.0
22140,25.0,36.0,3.8671577,no,yes,40.0,0.0,1.0,0.0,1.0,,
22190,22.0,36.0,3.3493822,no,no,60.0,0.0,0.0,0.0,0.0,,
22218,21.0,36.0,3.4206634,no,yes,30.0,0.0,0.0,1.0,0.0,0.68686867,708.0
22230,20.0,36.0,3.1743488,no,no,30.0,0.0,0.0,0.0,0.0,,
22260,22.0,36.0,2.6297543,no,no,20.0,0.0,0.0,1.0,0.0,0.025252525,759.0
22266,21.0,36.0,3.9789944,no,no,60.0,0.0,0.0,1.0,0.0,0.07070707,131.0
22284,21.0,36.0,3.4786634,yes,yes,45.0,0.0,1.0,1.0,0.0,0.36868685,412.0
22290,26.0,36.0,2.72949,yes,yes,80.0,1.0,1.0,0.0,0.0,,
22318,22.0,36.0,3.1374056,no,no,50.0,0.0,0.0,0.0,0.0,,
22324,21.0,36.0,3.5810654,no,no,60.0,0.0,0.0,1.0,0.0,0.54545456,515.0
22336,21.0,36.0,4.0701566,no,no,25.0,0.0,0.0,0.0,0.0,,
22340,20.0,36.0,2.880732,no,no,45.0,0.0,0.0,0.0,0.0,,
22426,22.0,36.0,3.026101,no,yes,50.0,0.0,0.0,1.0,0.0,0.5050505,391.0
22428,21.0,36.0,2.5083845,no,no,60.0,0.0,0.0,0.0,1.0,,
22456,21.0,36.0,3.5803354,no,yes,60.0,0.0,0.0,0.0,0.0,,
22500,21.0,36.0,3.397541,no,no,60.0,0.0,0.0,0.0,0.0,,
22706,26.0,36.0,3.260831,no,yes,60.0,0.0,1.0,0.0,1.0,,
22720,22.0,36.0,3.6249466,no,no,90.0,0.0,0.0,0.0,0.0,,
22864,21.0,35.0,2.561828,no,no,40.0,0.0,0.0,1.0,0.0,0.3181818,141.0
22878,27.0,35.0,2.5484579,no,yes,120.0,0.0,0.0,0.0,1.0,,
22888,28.0,35.0,2.702172,no,yes,180.0,1.0,0.0,0.0,0.0,,
23046,22.0,35.0,2.7214289,no,no,40.0,0.0,0.0,1.0,0.0,0.0959596,46.0
23050,21.0,35.0,3.1027713,no,no,40.0,0.0,0.0,0.0,0.0,,
23066,27.0,35.0,3.0804055,no,yes,90.0,0.0,1.0,0.0,0.0,,
23084,21.0,35.0,2.8742557,no,no,60.0,0.0,0.0,1.0,0.0,0.3131313,383.0
23088,20.0,35.0,3.7588732,no,no,30.0,0.0,0.0,1.0,0.0,0.53535354,249.0
23096,21.0,35.0,3.1757178,no,no,35.0,0.0,0.0,0.0,0.0,,
23126,23.0,35.0,4.2542796,no,yes,95.0,0.0,0.0,0.0,1.0,,
23136,22.0,35.0,3.1753633,no,yes,60.0,1.0,0.0,0.0,0.0,,
23150,23.0,35.0,3.4969122,no,no,40.0,0.0,0.0,0.0,1.0,,
23172,20.0,34.0,2.76301,no,no,45.0,0.0,0.0,0.0,0.0,,
23228,23.0,35.0,3.9816256,no,yes,40.0,0.0,1.0,1.0,1.0,0.20707071,122.0
23374,23.0,35.0,3.4031124,no,no,20.0,0.0,0.0,0.0,0.0,,
23380,20.0,35.0,2.8368402,no,no,60.0,0.0,0.0,1.0,0.0,0.44949496,502.0
23400,22.0,35.0,4.604995,no,no,30.0,0.0,0.0,0.0,0.0,,
23410,21.0,35.0,3.5458078,no,yes,40.0,0.0,0.0,1.0,0.0,0.5151515,352.0
23438,20.0,35.0,4.3959155,no,no,40.0,1.0,0.0,1.0,0.0,0.7171717,308.0
23480,24.0,35.0,2.9802465,no,no,30.0,0.0,0.0,0.0,1.0,,
23516,24.0,35.0,3.3576355,no,yes,60.0,0.0,0.0,0.0,1.0,,
23604,23.0,35.0,5.4443502,no,no,150.0,1.0,0.0,1.0,0.0,0.22222222,190.0
23622,25.0,35.0,4.130472,no,yes,120.0,1.0,0.0,1.0,1.0,0.74242425,477.0
23676,21.0,35.0,3.16377,no,no,30.0,0.0,0.0,0.0,0.0,,
23686,20.0,35.0,2.8571634,no,yes,180.0,1.0,0.0,0.0,0.0,,
23742,21.0,35.0,2.5448833,no,yes,240.0,1.0,0.0,1.0,0.0,0.36868685,461.0
23772,21.0,35.0,3.6291912,no,yes,40.0,1.0,0.0,1.0,1.0,0.75252527,740.0
23792,21.0,35.0,2.891548,no,no,130.0,1.0,0.0,0.0,0.0,,
23928,21.0,34.0,2.9202135,no,yes,40.0,0.0,0.0,1.0,0.0,0.121212125,57.0
23934,20.0,34.0,3.4087012,no,no,65.0,0.0,0.0,1.0,0.0,0.53535354,405.0
23950,24.0,34.0,2.9984467,yes,yes,120.0,0.0,1.0,1.0,1.0,0.7979798,585.0
23982,21.0,34.0,3.3095632,no,no,50.0,0.0,0.0,0.0,0.0,,
24066,26.0,34.0,3.663711,no,no,60.0,0.0,0.0,0.0,0.0,,
24070,24.0,34.0,3.0301745,no,no,60.0,0.0,0.0,1.0,1.0,0.96464646,484.0
24076,24.0,34.0,3.8333433,no,yes,20.0,1.0,0.0,1.0,1.0,0.26262626,360.0
24110,25.0,34.0,3.6679611,no,yes,20.0,0.0,0.0,1.0,1.0,0.4848485,451.0
24142,29.0,34.0,4.9450345,no,yes,180.0,0.0,0.0,1.0,0.0,0.67676765,537.0
24146,24.0,34.0,3.2050078,no,yes,150.0,1.0,0.0,1.0,0.0,0.53535354,487.0
24162,25.0,34.0,2.92054,no,no,60.0,0.0,0.0,0.0,1.0,,
24322,23.0,34.0,3.539379,no,yes,30.0,1.0,0.0,0.0,1.0,,
24324,23.0,34.0,2.5267766,no,yes,35.0,1.0,0.0,0.0,1.0,,
24328,24.0,34.0,3.0627234,no,yes,40.0,0.0,0.0,0.0,0.0,,
24340,23.0,34.0,3.5642712,no,yes,40.0,0.0,0.0,0.0,1.0,,
24530,25.0,34.0,4.3066864,no,no,33.0,0.0,0.0,0.0,1.0,,
24598,24.0,34.0,4.4733825,no,no,30.0,1.0,0.0,0.0,1.0,,
24606,21.0,34.0,4.645861,no,yes,40.0,1.0,0.0,1.0,1.0,0.83838385,647.0
24608,34.0,34.0,3.8289921,yes,yes,20.0,0.0,1.0,1.0,0.0,0.5050505,294.0
24828,21.0,33.0,2.7225854,no,no,25.0,0.0,0.0,0.0,0.0,,
24968,20.0,33.0,3.1361432,no,no,40.0,0.0,0.0,0.0,1.0,,
25056,23.0,33.0,2.8689067,no,yes,40.0,0.0,0.0,1.0,0.0,0.6111111,343.0
25072,23.0,33.0,2.9120088,no,no,20.0,1.0,0.0,1.0,1.0,0.96464646,660.0
25074,21.0,33.0,3.7054734,no,yes,30.0,0.0,0.0,0.0,0.0,,
25084,24.0,33.0,2.053121,no,yes,90.0,1.0,0.0,0.0,1.0,,
25086,24.0,33.0,1.9326589,no,yes,80.0,0.0,0.0,0.0,0.0,,
25094,25.0,33.0,3.0681798,no,yes,140.0,0.0,0.0,0.0,1.0,,
25258,26.0,33.0,3.4368823,no,yes,120.0,1.0,0.0,1.0,0.0,0.3030303,448.0
25326,27.0,32.0,3.0966346,no,yes,5.0,0.0,1.0,1.0,1.0,0.8080808,710.0
25334,23.0,32.0,3.3170657,no,no,40.0,0.0,0.0,0.0,0.0,,
25342,26.0,32.0,2.7874212,no,no,180.0,0.0,0.0,0.0,1.0,,
25520,24.0,32.0,3.6391969,no,yes,60.0,1.0,0.0,1.0,0.0,0.56060606,434.0
25524,26.0,32.0,3.802069,no,no,20.0,1.0,0.0,1.0,1.0,0.116161615,497.0
25526,29.0,32.0,4.240371,no,no,50.0,1.0,0.0,1.0,0.0,0.8888889,636.0
25532,25.0,32.0,3.3970912,no,yes,180.0,1.0,0.0,1.0,0.0,0.6060606,507.0
25560,22.0,32.0,3.0283911,no,no,20.0,0.0,0.0,1.0,0.0,0.68686867,649.0
25612,21.0,32.0,2.5250502,no,no,30.0,0.0,0.0,0.0,0.0,,
25616,23.0,32.0,2.573849,no,yes,30.0,1.0,0.0,0.0,1.0,,
25618,25.0,32.0,4.045716,no,no,20.0,1.0,0.0,0.0,1.0,,
25620,23.0,32.0,2.8754656,no,yes,90.0,1.0,0.0,0.0,0.0,,
25622,20.0,32.0,2.8584857,no,yes,80.0,0.0,0.0,0.0,0.0,,
25628,24.0,32.0,3.0696712,no,yes,120.0,0.0,0.0,1.0,0.0,0.17171717,283.0
25638,26.0,32.0,2.7953246,no,yes,120.0,0.0,0.0,1.0,1.0,0.41414142,401.0
25700,27.0,32.0,3.1886568,no,yes,30.0,1.0,0.0,1.0,1.0,0.61616164,616.0
25826,20.0,31.0,3.2321477,no,no,30.0,0.0,0.0,1.0,0.0,0.53535354,445.0
25830,19.0,31.0,3.6076546,no,no,30.0,0.0,0.0,0.0,1.0,,
25864,20.0,31.0,4.3348713,no,yes,40.0,0.0,0.0,1.0,1.0,0.88383836,777.0
25872,20.0,31.0,3.5170422,no,no,35.0,0.0,0.0,0.0,0.0,,
25876,20.0,31.0,4.339782,no,yes,80.0,0.0,0.0,1.0,0.0,0.11111111,303.0
25926,22.0,31.0,3.3110511,no,no,40.0,0.0,0.0,1.0,0.0,0.6262626,246.0
25940,24.0,31.0,3.5226889,no,yes,100.0,0.0,1.0,1.0,0.0,0.96464646,446.0
25962,24.0,31.0,3.6365478,yes,yes,80.0,1.0,1.0,1.0,1.0,0.6919192,401.0
25976,22.0,31.0,3.309551,yes,no,40.0,0.0,1.0,1.0,0.0,0.67676765,200.0
26144,24.0,31.0,5.0663657,no,yes,30.0,1.0,0.0,0.0,1.0,,
26198,22.0,31.0,3.2865422,no,no,30.0,0.0,0.0,1.0,1.0,0.08080808,623.0
26200,20.0,31.0,3.2126355,no,no,40.0,0.0,0.0,1.0,0.0,0.34343433,140.0
26202,19.0,31.0,3.1471798,no,no,50.0,0.0,0.0,0.0,1.0,,
26208,20.0,31.0,3.6915932,no,no,40.0,0.0,0.0,0.0,1.0,,
26226,19.0,31.0,3.1089356,no,no,60.0,0.0,0.0,0.0,1.0,,
26236,20.0,31.0,2.888791,no,no,40.0,0.0,0.0,0.0,1.0,,
26238,20.0,31.0,3.6731389,no,no,30.0,0.0,0.0,0.0,0.0,,
26242,20.0,31.0,3.197969,no,no,35.0,0.0,0.0,0.0,1.0,,
26248,20.0,31.0,3.7751455,no,no,40.0,0.0,0.0,0.0,0.0,,
26262,20.0,31.0,4.4634914,no,no,30.0,0.0,0.0,0.0,0.0,,
26270,22.0,31.0,3.2465155,no,no,36.0,0.0,0.0,1.0,1.0,0.53535354,330.0
26278,20.0,31.0,2.9617057,no,no,40.0,0.0,0.0,0.0,0.0,,
26284,20.0,31.0,3.13507,no,no,25.0,0.0,0.0,1.0,0.0,0.3030303,621.0
26286,20.0,31.0,3.1599944,no,no,30.0,0.0,0.0,0.0,0.0,,
26292,19.0,31.0,3.64215,no,no,40.0,0.0,0.0,0.0,0.0,,
26328,22.0,31.0,3.6299655,no,no,30.0,1.0,0.0,1.0,0.0,0.035353534,638.0
26352,20.0,31.0,2.8953266,no,no,30.0,0.0,0.0,0.0,0.0,,
26388,23.0,31.0,4.3880033,no,no,50.0,1.0,0.0,0.0,1.0,,
26618,24.0,30.0,3.676339,no,yes,40.0,1.0,0.0,1.0,0.0,0.6969697,574.0
26634,26.0,30.0,2.804932,no,yes,60.0,0.0,0.0,1.0,1.0,0.6212121,255.0
26896,22.0,30.0,4.901908,no,no,30.0,0.0,0.0,1.0,1.0,0.3131313,61.0
26906,24.0,30.0,3.2975867,no,yes,40.0,0.0,0.0,1.0,0.0,0.22727273,262.0
26934,24.0,30.0,3.4246302,no,yes,120.0,0.0,0.0,0.0,1.0,,
26944,24.0,30.0,3.3517056,no,no,60.0,0.0,0.0,0.0,1.0,,
26948,23.0,30.0,3.284308,no,no,12.0,1.0,0.0,0.0,1.0,,
26956,23.0,30.0,3.4564812,no,no,120.0,0.0,0.0,0.0,0.0,,
26982,24.0,30.0,2.9843311,no,no,40.0,0.0,0.0,0.0,1.0,,
27044,23.0,30.0,2.832439,no,no,30.0,0.0,0.0,0.0,1.0,,
27076,24.0,30.0,3.877239,no,no,35.0,0.0,0.0,1.0,1.0,0.8080808,458.0
27180,23.0,29.0,3.6185167,no,yes,80.0,0.0,1.0,0.0,1.0,,
27232,25.0,29.0,3.0338612,no,no,100.0,0.0,0.0,1.0,1.0,0.35353535,80.0
27234,24.0,29.0,3.5235732,no,yes,60.0,1.0,0.0,0.0,1.0,,
27336,21.0,29.0,3.0230489,no,no,50.0,0.0,0.0,1.0,1.0,0.28282827,198.0
27344,27.0,29.0,3.0930235,no,no,40.0,0.0,0.0,1.0,1.0,0.7979798,505.0
27364,24.0,29.0,3.4228323,no,no,60.0,0.0,0.0,1.0,1.0,0.8737374,438.0
27382,24.0,29.0,2.719209,no,no,40.0,0.0,0.0,1.0,1.0,0.540404,485.0
27540,27.0,29.0,3.0060413,no,yes,90.0,0.0,0.0,0.0,0.0,,
27544,23.0,29.0,4.0312033,no,no,80.0,0.0,0.0,1.0,1.0,0.65656567,727.0
27704,26.0,28.0,2.6993911,no,yes,30.0,0.0,0.0,1.0,1.0,0.46464646,44.0
27726,24.0,28.0,3.41469,no,no,40.0,0.0,0.0,1.0,1.0,0.2777778,446.0
27762,24.0,28.0,3.068932,no,no,30.0,0.0,0.0,0.0,1.0,,
27764,25.0,28.0,3.1251032,no,no,40.0,0.0,0.0,1.0,1.0,0.8484849,584.0
27772,24.0,28.0,3.3379233,no,yes,100.0,0.0,0.0,0.0,1.0,,
27824,25.0,28.0,2.4968133,no,no,60.0,0.0,0.0,0.0,1.0,,
27844,25.0,28.0,4.15496,no,yes,30.0,0.0,0.0,0.0,1.0,,
27882,20.0,28.0,3.2835288,no,no,40.0,1.0,0.0,0.0,0.0,,
27916,21.0,28.0,3.397579,no,no,30.0,0.0,0.0,1.0,0.0,0.015151516,304.0
27924,24.0,28.0,3.6947865,no,no,60.0,1.0,0.0,0.0,0.0,,
28162,25.0,27.0,2.8748934,no,yes,20.0,0.0,1.0,1.0,1.0,0.67171717,609.0
28164,22.0,27.0,3.4205945,no,no,50.0,0.0,0.0,1.0,1.0,0.36363637,227.0
28190,25.0,27.0,2.9674811,no,yes,60.0,0.0,0.0,1.0,0.0,0.2979798,161.0
28202,23.0,27.0,3.9591124,no,no,40.0,0.0,0.0,1.0,1.0,0.07070707,642.0
28204,22.0,27.0,2.4714944,no,yes,180.0,1.0,0.0,0.0,0.0,,
28224,27.0,27.0,3.12927,yes,yes,30.0,1.0,1.0,1.0,0.0,0.10606061,278.0
28226,23.0,27.0,2.3416898,no,yes,120.0,1.0,0.0,1.0,0.0,0.57575756,529.0
28400,23.0,27.0,3.316999,no,no,50.0,0.0,0.0,0.0,1.0,,
28402,23.0,27.0,3.5548458,no,yes,20.0,1.0,0.0,1.0,1.0,0.3838384,386.0
28470,24.0,27.0,3.0680244,no,yes,60.0,1.0,0.0,1.0,1.0,0.43939394,684.0
28484,23.0,27.0,2.09901,yes,yes,120.0,0.0,1.0,1.0,0.0,0.13131313,384.0
28492,24.0,27.0,4.226693,no,yes,40.0,0.0,0.0,1.0,1.0,0.84343433,535.0
28528,27.0,27.0,4.663762,yes,yes,30.0,0.0,1.0,0.0,1.0,,
28552,20.0,27.0,3.9057133,no,no,35.0,1.0,0.0,1.0,1.0,0.2777778,346.0
28554,19.0,27.0,3.3641467,no,no,35.0,0.0,0.0,1.0,0.0,0.67171717,417.0
28556,24.0,27.0,3.2176633,no,no,120.0,1.0,0.0,0.0,0.0,,
28560,20.0,27.0,2.999709,no,yes,160.0,0.0,0.0,1.0,1.0,0.5707071,496.0
28572,21.0,27.0,3.8881876,no,no,24.0,0.0,0.0,0.0,0.0,,
28646,22.0,26.0,3.2593431,no,no,30.0,0.0,0.0,1.0,1.0,0.45959595,424.0
28656,23.0,26.0,2.2167034,no,yes,120.0,0.0,1.0,0.0,0.0,,
28666,23.0,26.0,2.5683868,no,no,40.0,0.0,0.0,0.0,1.0,,
28676,23.0,26.0,3.1139877,no,no,20.0,1.0,0.0,1.0,1.0,0.8939394,664.0
28700,22.0,26.0,2.9848545,no,yes,20.0,0.0,0.0,1.0,1.0,0.30808082,208.0
28756,23.0,26.0,3.36855,no,no,40.0,0.0,0.0,0.0,1.0,,
28786,25.0,26.0,3.2803476,no,no,30.0,1.0,0.0,0.0,1.0,,
28796,24.0,26.0,4.440214,no,no,40.0,1.0,0.0,0.0,0.0,,
28802,24.0,26.0,3.8384387,no,no,35.0,1.0,0.0,0.0,1.0,,
28950,22.0,26.0,4.069307,no,no,30.0,0.0,0.0,0.0,0.0,,
28956,21.0,26.0,2.7902412,no,no,30.0,0.0,0.0,1.0,0.0,0.24747474,615.0
28990,20.0,26.0,4.2553997,no,no,40.0,0.0,0.0,1.0,0.0,0.116161615,364.0
29010,22.0,26.0,2.4783833,no,no,120.0,0.0,1.0,0.0,0.0,,
29012,20.0,26.0,1.2744288,no,yes,40.0,0.0,0.0,0.0,0.0,,
29014,21.0,26.0,2.9242265,no,no,60.0,0.0,0.0,0.0,1.0,,
29024,26.0,26.0,2.5902634,no,yes,160.0,1.0,0.0,1.0,0.0,0.08080808,200.0
29030,28.0,26.0,2.4293523,no,yes,180.0,1.0,0.0,0.0,0.0,,
29032,23.0,26.0,2.6952755,no,yes,120.0,1.0,0.0,1.0,0.0,0.9040404,576.0
29172,26.0,26.0,2.8963332,no,yes,180.0,1.0,0.0,1.0,1.0,0.85353535,651.0
29192,29.0,26.0,3.8379033,no,yes,120.0,1.0,0.0,0.0,1.0,,
29216,26.0,26.0,2.9735067,no,yes,50.0,1.0,0.0,1.0,1.0,0.6212121,714.0
29218,24.0,26.0,3.4329321,no,yes,30.0,0.0,0.0,0.0,1.0,,
29226,24.0,26.0,3.546579,no,no,30.0,0.0,0.0,0.0,1.0,,
29230,24.0,26.0,3.4854589,no,yes,70.0,0.0,0.0,0.0,1.0,,
29232,22.0,26.0,3.6738088,no,no,60.0,0.0,0.0,0.0,0.0,,
29234,21.0,26.0,2.6662688,no,no,40.0,0.0,0.0,0.0,1.0,,
29240,25.0,26.0,2.5492635,no,yes,170.0,1.0,0.0,0.0,1.0,,
29248,27.0,26.0,2.7496324,yes,yes,40.0,1.0,1.0,1.0,0.0,0.4848485,517.0
29250,23.0,26.0,3.3382566,no,no,104.0,0.0,0.0,1.0,1.0,0.41919193,48.0
29254,23.0,26.0,2.983391,no,no,50.0,0.0,0.0,1.0,1.0,0.15151516,444.0
29256,24.0,26.0,3.003039,no,no,60.0,0.0,0.0,1.0,1.0,0.01010101,148.0
29550,21.0,26.0,2.376902,no,no,30.0,0.0,0.0,0.0,0.0,,
29558,25.0,26.0,3.9397457,no,yes,80.0,1.0,1.0,0.0,0.0,,
29564,22.0,26.0,3.268261,no,no,80.0,0.0,0.0,0.0,1.0,,
29594,23.0,26.0,3.6993778,no,yes,120.0,0.0,0.0,0.0,1.0,,
29622,22.0,26.0,3.029751,no,no,40.0,0.0,0.0,0.0,1.0,,
29626,23.0,26.0,3.5540123,no,yes,40.0,1.0,0.0,0.0,1.0,,
29734,21.0,25.0,4.4828634,no,no,30.0,0.0,0.0,1.0,1.0,0.33838382,48.0
29746,23.0,25.0,2.9760733,no,yes,40.0,0.0,0.0,0.0,1.0,,
29750,22.0,25.0,2.71622,no,yes,40.0,0.0,0.0,0.0,1.0,,
29770,24.0,25.0,4.3264756,no,yes,35.0,0.0,0.0,0.0,1.0,,
29790,22.0,25.0,2.5431232,no,yes,120.0,0.0,0.0,0.0,0.0,,
29808,25.0,25.0,3.0939734,yes,yes,32.0,1.0,1.0,1.0,1.0,0.04040404,495.0
29838,26.0,25.0,3.9435601,yes,yes,60.0,1.0,1.0,0.0,1.0,,
29964,26.0,25.0,2.4840245,yes,yes,160.0,0.0,1.0,0.0,1.0,,
29996,23.0,25.0,3.3534834,no,yes,60.0,1.0,1.0,1.0,0.0,0.66161615,595.0
30002,26.0,25.0,3.3996856,no,yes,200.0,1.0,0.0,1.0,1.0,0.9040404,603.0
30006,24.0,25.0,3.2888489,no,yes,60.0,0.0,0.0,1.0,0.0,0.43434343,521.0
30014,30.0,25.0,4.3416367,no,yes,50.0,1.0,0.0,1.0,0.0,0.9444444,768.0
30092,21.0,25.0,3.4670389,no,no,60.0,0.0,0.0,0.0,1.0,,
30206,23.0,25.0,3.0371256,no,yes,30.0,1.0,0.0,1.0,1.0,0.33333334,626.0
30214,26.0,25.0,2.7474189,no,yes,40.0,0.0,1.0,1.0,1.0,0.0959596,166.0
30216,25.0,25.0,3.018311,no,yes,30.0,1.0,1.0,1.0,1.0,0.025252525,360.0
30220,22.0,25.0,3.3741033,no,yes,24.0,0.0,0.0,1.0,1.0,0.7070707,491.0
30234,24.0,25.0,3.0052035,no,no,27.0,0.0,0.0,0.0,1.0,,
30240,23.0,25.0,2.665659,no,no,60.0,0.0,0.0,0.0,1.0,,
30244,22.0,25.0,2.7403345,no,no,20.0,0.0,0.0,0.0,1.0,,
30262,25.0,25.0,3.521721,no,yes,40.0,1.0,0.0,0.0,1.0,,
30276,21.0,25.0,3.1930234,no,yes,120.0,1.0,0.0,0.0,0.0,,
30308,21.0,25.0,3.7130811,no,no,50.0,0.0,0.0,1.0,1.0,0.055555556,322.0
30366,22.0,25.0,2.8957765,no,no,30.0,0.0,0.0,0.0,0.0,,
30378,21.0,25.0,2.47425,no,no,40.0,0.0,0.0,0.0,1.0,,
30392,22.0,25.0,2.8980632,no,no,60.0,0.0,0.0,0.0,1.0,,
30398,26.0,25.0,2.4336476,no,yes,30.0,1.0,0.0,0.0,0.0,,
30410,23.0,25.0,2.84382,no,no,60.0,0.0,0.0,0.0,1.0,,
30436,23.0,25.0,2.6997821,no,no,120.0,0.0,0.0,0.0,1.0,,
30440,23.0,25.0,4.0129824,no,no,40.0,1.0,0.0,0.0,1.0,,
30448,23.0,25.0,3.5930345,no,yes,60.0,1.0,0.0,1.0,1.0,0.2929293,72.0
30460,25.0,25.0,3.270689,no,no,40.0,0.0,0.0,1.0,0.0,0.36868685,525.0
30470,22.0,25.0,2.7839835,no,no,60.0,0.0,0.0,0.0,0.0,,
30634,23.0,25.0,3.2355044,no,yes,30.0,1.0,0.0,0.0,1.0,,
30858,26.0,25.0,3.7772722,no,yes,30.0,0.0,0.0,1.0,1.0,0.15656565,481.0
30972,27.0,24.0,2.8467743,no,yes,120.0,1.0,0.0,1.0,0.0,0.7171717,515.0
30998,23.0,24.0,3.023452,no,yes,130.0,1.0,0.0,0.0,0.0,,
31014,24.0,20.0,1.935,no,no,120.0,0.0,0.0,1.0,0.0,0.0959596,325.0
31114,28.0,24.0,2.56603,no,yes,90.0,0.0,0.0,0.0,1.0,,
31136,23.0,24.0,2.6250567,no,yes,140.0,1.0,0.0,1.0,0.0,0.16666667,193.0
31150,23.0,24.0,2.5736222,no,yes,60.0,0.0,0.0,1.0,1.0,0.37373737,311.0
31206,22.0,24.0,2.49878,no,yes,180.0,1.0,0.0,0.0,1.0,,
31230,24.0,24.0,2.9393754,no,yes,200.0,0.0,1.0,1.0,0.0,0.42424244,459.0
31238,25.0,24.0,2.858271,no,no,60.0,0.0,0.0,1.0,0.0,0.3939394,716.0
31292,27.0,24.0,3.6276512,no,yes,135.0,0.0,0.0,0.0,1.0,,
31436,20.0,24.0,2.6830223,no,no,40.0,1.0,0.0,1.0,0.0,0.8333333,521.0
31796,24.0,24.0,3.8672733,no,yes,120.0,0.0,1.0,1.0,0.0,0.83838385,620.0
31886,24.0,23.0,2.76421,no,no,20.0,0.0,0.0,1.0,1.0,0.1010101,378.0
31888,27.0,23.0,3.249639,yes,yes,180.0,0.0,1.0,1.0,0.0,0.20707071,369.0
31894,25.0,23.0,2.6331034,no,yes,60.0,0.0,0.0,1.0,1.0,0.959596,674.0
31922,26.0,23.0,2.7839034,no,yes,35.0,0.0,0.0,0.0,1.0,,
31936,25.0,23.0,2.4034512,no,yes,75.0,1.0,0.0,1.0,0.0,0.065656565,115.0
32004,22.0,23.0,3.53777,no,no,80.0,0.0,0.0,0.0,0.0,,
32320,22.0,23.0,4.578473,no,yes,60.0,0.0,0.0,1.0,0.0,0.95454544,479.0
32590,28.0,23.0,2.6732466,no,yes,100.0,1.0,0.0,1.0,0.0,0.3939394,520.0
32722,22.0,23.0,2.6374743,no,yes,80.0,0.0,0.0,1.0,0.0,0.6818182,684.0
32728,19.0,23.0,2.8803453,no,no,30.0,0.0,0.0,0.0,0.0,,
32804,23.0,23.0,2.4055622,no,yes,75.0,1.0,0.0,1.0,1.0,0.2979798,478.0
33094,23.0,22.0,3.1238844,no,yes,45.0,1.0,0.0,0.0,1.0,,
33128,21.0,22.0,3.738581,no,yes,80.0,1.0,0.0,1.0,1.0,0.5555556,550.0
33136,23.0,25.0,3.5382211,no,no,35.0,0.0,0.0,1.0,1.0,0.9444444,447.0
33278,20.0,22.0,2.275409,no,yes,180.0,0.0,0.0,1.0,0.0,0.67171717,497.0
33350,26.0,22.0,2.891018,no,yes,120.0,1.0,0.0,1.0,1.0,0.6515151,497.0
33352,20.0,22.0,1.8107578,no,yes,120.0,1.0,0.0,0.0,0.0,,
33354,21.0,22.0,2.702929,no,yes,135.0,0.0,0.0,1.0,0.0,0.07575758,230.0
33366,25.0,22.0,3.2333767,no,yes,40.0,1.0,0.0,0.0,1.0,,
33406,28.0,22.0,2.5894167,no,yes,60.0,0.0,0.0,0.0,0.0,,
33410,25.0,22.0,2.6481922,yes,yes,14.0,1.0,1.0,0.0,0.0,,
33634,22.0,22.0,4.146771,no,yes,60.0,0.0,0.0,1.0,0.0,0.5858586,604.0
33664,19.0,22.0,3.6367931,no,no,60.0,0.0,0.0,1.0,0.0,0.4040404,242.0
33874,22.0,22.0,2.8625379,no,yes,24.0,0.0,0.0,0.0,0.0,,
33982,22.0,22.0,3.7792344,no,no,20.0,1.0,0.0,1.0,0.0,0.04040404,451.0
34110,29.0,22.0,2.57702,yes,yes,50.0,1.0,1.0,1.0,0.0,0.7929293,592.0
34396,24.0,21.0,3.7040522,no,yes,40.0,0.0,0.0,0.0,1.0,,
34526,27.0,21.0,2.3073802,yes,yes,180.0,0.0,1.0,0.0,0.0,,
34542,21.0,21.0,3.2561066,no,no,30.0,0.0,0.0,0.0,0.0,,
34890,24.0,21.0,2.2445667,no,yes,200.0,1.0,0.0,1.0,0.0,0.025252525,341.0
34956,23.0,21.0,2.1504068,no,yes,16.0,0.0,0.0,0.0,1.0,,
35006,23.0,21.0,2.41485,no,yes,10.0,1.0,1.0,0.0,1.0,,
35144,20.0,25.0,3.5906289,no,no,60.0,0.0,0.0,1.0,1.0,0.15151516,418.0
35344,22.0,20.0,2.8727365,no,yes,60.0,0.0,0.0,1.0,0.0,0.8737374,418.0
35408,27.0,20.0,3.5163388,yes,yes,180.0,1.0,1.0,1.0,1.0,0.65656567,515.0
35760,24.0,20.0,3.7003267,no,yes,2.6,1.0,1.0,0.0,0.0,,
35822,27.0,20.0,3.5905633,no,yes,120.0,1.0,0.0,1.0,0.0,0.74242425,506.0
36032,22.0,19.0,2.375729,no,yes,120.0,1.0,0.0,1.0,0.0,0.74747473,479.0
36060,24.0,19.0,2.2917278,no,yes,35.0,0.0,0.0,0.0,1.0,,
36288,25.0,19.0,2.84852,no,yes,30.0,1.0,0.0,1.0,1.0,0.0959596,780.0
36306,26.0,19.0,3.2344944,no,yes,80.0,1.0,0.0,0.0,1.0,,
36314,23.0,19.0,2.7280767,no,yes,75.0,1.0,0.0,1.0,0.0,0.18181819,108.0
36318,26.0,19.0,3.2498155,no,yes,120.0,0.0,0.0,0.0,1.0,,
36494,23.0,18.0,2.1946733,no,yes,40.0,0.0,0.0,0.0,1.0,,
36528,28.0,18.0,2.1318212,yes,yes,140.0,1.0,1.0,0.0,0.0,,
36676,21.0,18.0,2.6353345,no,no,135.0,0.0,0.0,0.0,0.0,,
36908,23.0,15.0,2.7428231,no,yes,60.0,1.0,0.0,0.0,0.0,,
37276,22.0,13.0,3.096649,no,yes,90.0,0.0,0.0,1.0,1.0,0.30808082,127.0
37292,21.0,13.0,2.5126977,no,yes,180.0,0.0,0.0,0.0,0.0,,
37294,20.0,13.0,2.2425222,no,yes,80.0,0.0,0.0,1.0,0.0,0.41919193,691.0
37296,29.0,13.0,2.5851912,no,yes,80.0,1.0,0.0,1.0,1.0,0.48989898,301.0
37350,22.0,13.0,2.8080456,no,no,90.0,0.0,0.0,1.0,0.0,0.57575756,534.0
37358,23.0,13.0,1.9356611,no,yes,60.0,1.0,0.0,0.0,0.0,,
37588,23.0,12.0,2.7753832,no,no,90.0,0.0,0.0,0.0,0.0,,
37618,23.0,12.0,2.6357243,no,no,50.0,0.0,0.0,0.0,1.0,,
37784,19.0,12.0,2.465909,no,yes,105.0,0.0,0.0,1.0,0.0,0.6666667,296.0
37790,23.0,12.0,2.368008,no,no,50.0,1.0,0.0,0.0,0.0,,
37796,22.0,12.0,2.1919377,no,no,30.0,0.0,0.0,1.0,1.0,0.93434346,361.0
37798,21.0,12.0,4.0997667,no,yes,20.0,1.0,0.0,1.0,1.0,0.14141414,368.0
37800,21.0,12.0,2.51531,no,no,30.0,0.0,0.0,0.0,1.0,,
37804,21.0,12.0,2.49976,no,yes,120.0,0.0,0.0,1.0,0.0,0.8333333,641.0
37808,19.0,12.0,2.885801,no,no,20.0,0.0,0.0,0.0,1.0,,
37812,26.0,12.0,2.5612578,no,yes,180.0,0.0,0.0,1.0,1.0,0.18686868,224.0
37824,19.0,12.0,2.687099,no,yes,20.0,0.0,0.0,0.0,1.0,,
37828,23.0,12.0,3.4578824,no,yes,60.0,1.0,0.0,1.0,0.0,0.57575756,225.0
37832,25.0,12.0,3.028671,no,no,50.0,0.0,0.0,0.0,1.0,,
37834,19.0,12.0,3.0439134,no,no,30.0,0.0,0.0,0.0,0.0,,
37836,21.0,12.0,2.30359,no,no,210.0,0.0,0.0,1.0,0.0,0.015151516,318.0
37840,18.0,12.0,1.98746,no,yes,30.0,1.0,0.0,1.0,0.0,0.9444444,491.0
38008,24.0,11.0,4.05974,no,yes,180.0,1.0,0.0,1.0,0.0,0.32828283,433.0
38010,22.0,11.0,2.8836322,no,no,2.0,0.0,0.0,0.0,1.0,,
38018,25.0,78.0,2.4711423,no,yes,120.0,0.0,0.0,1.0,0.0,0.75757575,726.0
38022,18.0,11.0,1.9928434,no,yes,20.0,0.0,0.0,1.0,0.0,0.121212125,684.0
38024,25.0,11.0,2.6940653,no,yes,40.0,1.0,0.0,0.0,0.0,,
38026,28.0,11.0,2.8192687,no,no,120.0,0.0,0.0,0.0,1.0,,
38028,21.0,11.0,4.081461,no,yes,20.0,1.0,0.0,0.0,1.0,,
38030,27.0,11.0,2.204209,no,yes,240.0,1.0,0.0,0.0,0.0,,
38034,19.0,11.0,1.8545834,no,yes,40.0,1.0,0.0,0.0,0.0,,
38036,18.0,11.0,1.9276143,no,yes,120.0,1.0,0.0,1.0,0.0,0.65656567,513.0
38038,35.0,11.0,3.7505789,yes,yes,50.0,1.0,1.0,1.0,1.0,0.6969697,303.0
38040,22.0,11.0,2.4195065,no,yes,120.0,0.0,1.0,1.0,0.0,0.9444444,550.0
38042,20.0,11.0,2.1565979,no,yes,180.0,0.0,0.0,1.0,0.0,0.030303031,387.0
38044,19.0,11.0,2.009211,no,no,165.0,1.0,0.0,0.0,0.0,,
38046,21.0,11.0,2.523261,no,yes,180.0,0.0,0.0,1.0,0.0,0.56565654,527.0
38048,19.0,11.0,2.4725711,no,no,120.0,0.0,0.0,1.0,0.0,0.121212125,327.0
38050,23.0,11.0,3.8327944,no,no,200.0,1.0,0.0,1.0,0.0,0.9141414,705.0
38052,18.0,11.0,2.0711598,no,yes,90.0,0.0,0.0,1.0,0.0,0.9040404,366.0
38068,18.0,11.0,2.1992757,no,no,160.0,1.0,0.0,0.0,0.0,,
38070,18.0,11.0,2.1282835,no,yes,180.0,0.0,0.0,1.0,0.0,0.23232323,176.0
38074,27.0,11.0,2.3509421,yes,yes,140.0,0.0,1.0,1.0,0.0,0.6818182,479.0
38076,23.0,11.0,3.7066898,no,yes,60.0,1.0,0.0,0.0,0.0,,
38078,18.0,11.0,2.1222112,no,yes,120.0,1.0,0.0,1.0,0.0,0.8989899,728.0
38274,21.0,11.0,2.527011,no,yes,80.0,0.0,0.0,1.0,0.0,0.21717171,536.0
38276,20.0,11.0,2.478949,no,no,25.0,0.0,0.0,1.0,1.0,0.6919192,659.0
38290,21.0,11.0,2.2940667,no,yes,20.0,0.0,0.0,1.0,1.0,0.6111111,325.0
38300,20.0,11.0,2.8186612,no,no,35.0,0.0,0.0,1.0,0.0,0.2777778,284.0
38302,22.0,11.0,2.4542255,no,no,30.0,0.0,0.0,0.0,0.0,,
38320,20.0,11.0,2.593081,no,no,40.0,0.0,0.0,1.0,0.0,0.7070707,231.0
38326,22.0,11.0,2.9208155,no,no,40.0,0.0,0.0,1.0,0.0,0.85858583,366.0
38552,23.0,10.0,3.5765367,no,yes,30.0,1.0,0.0,1.0,0.0,0.21717171,527.0
38566,22.0,10.0,2.6179056,no,yes,300.0,0.0,1.0,1.0,1.0,0.8888889,637.0
38580,22.0,10.0,3.1737044,no,yes,150.0,0.0,0.0,0.0,1.0,,
38592,23.0,10.0,2.6633444,no,yes,60.0,0.0,0.0,1.0,0.0,0.81313133,612.0
38712,22.0,10.0,2.408632,no,yes,60.0,0.0,0.0,1.0,0.0,0.5555556,534.0
38714,21.0,10.0,2.7004857,no,no,45.0,0.0,0.0,1.0,0.0,0.3939394,352.0
38716,23.0,10.0,2.5683677,no,no,20.0,0.0,0.0,1.0,0.0,0.97979796,696.0
38718,21.0,10.0,2.464209,no,no,40.0,0.0,0.0,0.0,1.0,,
38726,21.0,10.0,2.681281,no,no,50.0,0.0,0.0,1.0,0.0,0.85353535,514.0
38728,20.0,10.0,2.5049443,no,no,30.0,0.0,0.0,1.0,0.0,0.01010101,554.0
38730,21.0,10.0,2.5032923,no,yes,30.0,0.0,0.0,1.0,0.0,0.8080808,754.0
38732,21.0,10.0,2.507771,no,no,40.0,0.0,0.0,0.0,1.0,,
38736,22.0,10.0,2.534219,no,no,50.0,0.0,0.0,0.0,0.0,,
38738,21.0,10.0,2.7872367,no,no,50.0,0.0,0.0,1.0,0.0,0.025252525,14.0
38742,21.0,10.0,2.5002377,no,yes,60.0,0.0,0.0,1.0,1.0,0.11111111,44.0
38760,20.0,10.0,2.6375744,no,no,40.0,0.0,0.0,0.0,0.0,,
38762,21.0,10.0,2.976412,no,no,60.0,0.0,0.0,0.0,0.0,,
38768,20.0,10.0,2.5964656,no,no,20.0,0.0,0.0,0.0,1.0,,
38772,21.0,10.0,2.625809,no,no,30.0,0.0,0.0,1.0,1.0,0.24242425,480.0
38836,21.0,10.0,2.4412134,no,no,30.0,0.0,0.0,0.0,0.0,,
38840,21.0,10.0,2.555459,no,no,30.0,0.0,0.0,0.0,0.0,,
38842,19.0,10.0,2.0195177,no,yes,140.0,1.0,0.0,1.0,0.0,0.72727275,509.0
38848,21.0,10.0,2.5965521,no,no,35.0,0.0,0.0,0.0,0.0,,
38850,21.0,10.0,2.7639146,no,no,30.0,0.0,0.0,0.0,0.0,,
38854,24.0,10.0,2.4937277,no,no,24.0,0.0,0.0,0.0,0.0,,
38862,19.0,10.0,2.0092523,no,yes,20.0,0.0,0.0,1.0,0.0,0.24242425,607.0
38868,22.0,10.0,2.5090065,no,yes,93.0,1.0,0.0,0.0,1.0,,
38870,22.0,10.0,2.4790301,no,yes,40.0,1.0,0.0,0.0,1.0,,
38874,19.0,10.0,1.9677378,no,yes,240.0,1.0,0.0,0.0,0.0,,
38878,25.0,10.0,2.7521698,no,yes,180.0,0.0,0.0,1.0,1.0,0.2929293,417.0
38888,19.0,10.0,2.2233968,no,yes,240.0,0.0,0.0,0.0,0.0,,
38892,21.0,10.0,2.4173367,no,no,30.0,1.0,0.0,1.0,0.0,0.7979798,391.0
38896,18.0,10.0,2.0856776,no,yes,20.0,0.0,0.0,0.0,0.0,,
38898,22.0,10.0,2.329441,no,yes,30.0,0.0,0.0,1.0,1.0,0.27272728,616.0
39048,22.0,10.0,2.6040044,no,yes,50.0,1.0,0.0,0.0,0.0,,
39078,21.0,10.0,3.6236777,no,yes,41.0,0.0,0.0,1.0,0.0,0.90909094,610.0
39086,28.0,10.0,2.7991424,no,no,180.0,0.0,0.0,0.0,1.0,,
39088,19.0,10.0,2.0711377,no,yes,140.0,0.0,0.0,1.0,0.0,0.09090909,291.0
39094,22.0,10.0,2.432162,no,yes,60.0,1.0,0.0,0.0,1.0,,
39096,25.0,10.0,2.4575953,no,yes,200.0,1.0,0.0,1.0,0.0,0.3989899,405.0
39098,22.0,10.0,2.4851246,no,yes,90.0,0.0,0.0,0.0,0.0,,
39110,20.0,10.0,2.3530378,no,no,24.0,0.0,0.0,1.0,0.0,0.7777778,478.0
39112,18.0,10.0,2.1679168,no,yes,120.0,0.0,0.0,0.0,1.0,,
39114,20.0,10.0,2.340101,no,no,60.0,0.0,0.0,0.0,0.0,,
39116,18.0,10.0,2.320839,no,yes,90.0,0.0,0.0,0.0,1.0,,
39122,19.0,10.0,2.4148467,no,no,30.0,0.0,0.0,1.0,0.0,0.959596,477.0
39128,19.0,10.0,2.2685077,no,no,40.0,0.0,0.0,1.0,0.0,0.13131313,492.0
39136,18.0,10.0,2.141531,no,yes,300.0,0.0,0.0,0.0,0.0,,
39144,18.0,10.0,2.307771,no,yes,135.0,0.0,0.0,1.0,0.0,0.48989898,419.0
39150,25.0,10.0,2.8164222,no,no,30.0,0.0,0.0,1.0,0.0,0.82323235,533.0
39158,19.0,10.0,2.1642709,no,yes,60.0,0.0,0.0,1.0,0.0,0.5858586,542.0
39162,18.0,10.0,2.03595,no,no,100.0,0.0,0.0,1.0,0.0,0.7878788,515.0
39164,19.0,10.0,1.9574367,no,yes,60.0,1.0,0.0,0.0,0.0,,
39404,20.0,9.0,2.1452565,no,no,20.0,0.0,0.0,1.0,0.0,0.21212122,663.0
39420,18.0,9.0,2.2929022,no,no,30.0,0.0,0.0,1.0,0.0,0.9444444,605.0
39428,22.0,9.0,2.4581232,no,no,40.0,0.0,0.0,1.0,0.0,0.33333334,307.0
39430,22.0,9.0,2.5638165,no,yes,150.0,0.0,0.0,0.0,0.0,,
39440,21.0,9.0,2.3147888,no,no,35.0,0.0,0.0,0.0,0.0,,
39450,19.0,9.0,2.2553678,no,no,30.0,0.0,0.0,0.0,0.0,,
39454,18.0,9.0,2.1452613,no,no,40.0,0.0,0.0,0.0,0.0,,
39456,18.0,9.0,2.175831,no,no,20.0,0.0,0.0,1.0,0.0,0.6969697,212.0
39458,21.0,9.0,2.0327144,no,yes,180.0,1.0,0.0,1.0,0.0,0.030303031,231.0
39466,19.0,9.0,2.3777688,no,yes,90.0,0.0,0.0,1.0,0.0,0.6919192,759.0
39472,19.0,9.0,2.0287876,no,yes,40.0,0.0,0.0,1.0,0.0,0.989899,689.0
39474,20.0,9.0,2.31599,no,no,30.0,0.0,0.0,1.0,0.0,0.959596,383.0
39478,22.0,9.0,2.4869344,no,yes,140.0,0.0,0.0,1.0,0.0,0.8333333,766.0
39488,23.0,9.0,2.8869355,no,no,16.0,0.0,0.0,0.0,1.0,,
39490,23.0,9.0,2.858081,no,yes,80.0,1.0,0.0,0.0,0.0,,
39500,24.0,9.0,2.4607244,no,yes,110.0,1.0,0.0,0.0,1.0,,
39502,19.0,9.0,2.1813598,no,yes,180.0,0.0,0.0,1.0,0.0,0.8333333,667.0
39512,19.0,9.0,2.7819822,no,yes,120.0,0.0,0.0,1.0,0.0,0.6111111,484.0
39516,23.0,9.0,2.7643232,no,yes,90.0,0.0,0.0,0.0,1.0,,
39518,24.0,9.0,2.6246023,no,no,100.0,1.0,0.0,1.0,0.0,0.55050504,456.0
39524,21.0,9.0,2.191599,no,yes,20.0,1.0,0.0,0.0,1.0,,
39526,21.0,9.0,2.5173833,no,no,120.0,0.0,0.0,0.0,0.0,,
39528,20.0,9.0,1.8804911,no,no,100.0,0.0,0.0,0.0,0.0,,
39530,21.0,9.0,2.7322366,no,yes,180.0,0.0,0.0,1.0,0.0,0.44444445,397.0
39534,28.0,9.0,4.073511,no,yes,30.0,0.0,1.0,0.0,1.0,,
39540,20.0,9.0,3.392601,no,yes,180.0,1.0,0.0,0.0,0.0,,
39548,26.0,9.0,2.252349,no,yes,120.0,0.0,0.0,0.0,1.0,,
39584,23.0,9.0,2.6117656,no,no,30.0,0.0,0.0,0.0,1.0,,
39596,21.0,9.0,2.5444555,no,no,40.0,0.0,0.0,1.0,0.0,0.060606062,167.0
39598,22.0,9.0,2.473951,no,no,20.0,0.0,0.0,1.0,0.0,0.510101,435.0
39600,24.0,9.0,2.2805846,no,no,30.0,1.0,0.0,1.0,1.0,0.26767677,139.0
39606,21.0,9.0,2.5622199,no,no,50.0,0.0,0.0,0.0,0.0,,
39614,21.0,9.0,2.5674856,no,no,30.0,0.0,0.0,0.0,0.0,,
39624,20.0,9.0,2.9942312,no,no,60.0,0.0,0.0,0.0,0.0,,
39626,21.0,9.0,2.580078,no,yes,35.0,0.0,0.0,0.0,0.0,,
39628,21.0,9.0,2.4942834,no,no,14.0,0.0,0.0,0.0,0.0,,
39634,20.0,9.0,3.3516254,no,yes,28.0,0.0,0.0,0.0,0.0,,
39642,22.0,9.0,2.4048898,no,no,30.0,0.0,0.0,1.0,0.0,0.18686868,340.0
39648,21.0,9.0,2.3734176,no,yes,20.0,0.0,0.0,1.0,0.0,0.6262626,733.0
39654,22.0,9.0,2.5910888,no,no,10.0,0.0,0.0,1.0,0.0,0.01010101,352.0
39658,20.0,9.0,2.52376,no,no,30.0,0.0,0.0,1.0,0.0,0.1919192,365.0
39660,20.0,9.0,2.43363,no,yes,20.0,0.0,0.0,1.0,0.0,0.2979798,333.0
39664,20.0,9.0,2.6791098,no,yes,22.0,0.0,0.0,1.0,0.0,0.23737374,2.0
39666,20.0,9.0,2.6013832,no,no,20.0,0.0,0.0,1.0,0.0,0.72727275,592.0
39748,22.0,9.0,2.5558746,yes,yes,60.0,0.0,1.0,1.0,0.0,0.24747474,236.0
39752,24.0,9.0,3.3266854,no,no,100.0,0.0,0.0,0.0,1.0,,
39754,21.0,9.0,2.9838223,no,yes,40.0,1.0,0.0,0.0,1.0,,
39778,22.0,9.0,2.9864833,no,no,40.0,0.0,0.0,0.0,1.0,,
39794,21.0,9.0,3.0780644,no,no,40.0,1.0,0.0,0.0,0.0,,
39798,18.0,9.0,1.9838089,no,yes,30.0,1.0,0.0,0.0,0.0,,
39938,23.0,9.0,2.7840788,no,yes,60.0,0.0,0.0,0.0,1.0,,
39942,28.0,9.0,2.2076132,yes,yes,100.0,1.0,1.0,1.0,1.0,0.93434346,583.0
39948,23.0,9.0,2.64493,no,no,30.0,0.0,0.0,1.0,1.0,0.959596,741.0
39954,24.0,9.0,2.6786146,no,no,60.0,0.0,1.0,1.0,1.0,0.6363636,339.0
39966,25.0,9.0,2.6237688,no,no,45.0,0.0,1.0,1.0,1.0,0.8636364,395.0
39972,23.0,9.0,2.5542045,no,yes,40.0,0.0,0.0,0.0,0.0,,
39990,24.0,9.0,2.6146433,no,yes,40.0,1.0,0.0,1.0,0.0,0.8484849,448.0
39994,20.0,9.0,2.920031,no,yes,60.0,0.0,0.0,0.0,0.0,,
40000,23.0,9.0,2.3360267,no,no,60.0,1.0,0.0,0.0,1.0,,
40002,20.0,9.0,2.7420344,no,yes,30.0,0.0,0.0,1.0,0.0,0.26767677,488.0
40008,20.0,9.0,2.6680057,no,yes,120.0,1.0,0.0,0.0,0.0,,
40018,22.0,9.0,2.476591,no,yes,120.0,0.0,0.0,0.0,1.0,,
40034,19.0,9.0,2.4618301,no,yes,300.0,0.0,0.0,1.0,0.0,0.94949496,637.0
40044,23.0,9.5,2.3107138,no,yes,180.0,0.0,0.0,0.0,1.0,,
40062,23.0,9.0,2.2496743,no,yes,170.0,0.0,1.0,1.0,0.0,0.66161615,515.0
40068,22.0,9.0,2.2646167,no,yes,65.0,1.0,0.0,0.0,0.0,,
40076,24.0,9.0,2.0681224,no,yes,140.0,1.0,0.0,1.0,0.0,0.8333333,599.0
40078,22.0,9.0,2.84038,no,yes,30.0,0.0,0.0,1.0,0.0,0.8080808,396.0
40156,19.0,8.0,2.5676298,no,yes,20.0,1.0,0.0,1.0,1.0,0.6919192,476.0
40162,21.0,8.0,2.50253,no,yes,120.0,0.0,0.0,1.0,1.0,0.86868685,717.0
40164,22.0,8.0,2.7391,no,yes,180.0,0.0,0.0,1.0,0.0,0.44444445,469.0
40174,28.0,8.0,2.4065824,yes,yes,30.0,1.0,1.0,1.0,1.0,0.21212122,478.0
40178,23.0,8.0,2.4487643,no,yes,80.0,1.0,0.0,0.0,1.0,,
40182,21.0,8.0,2.0804245,no,no,40.0,1.0,0.0,1.0,0.0,0.17171717,365.0
40188,20.0,8.0,2.4512856,no,no,30.0,0.0,0.0,1.0,1.0,0.45454547,202.0
40192,23.0,8.0,2.411781,no,yes,180.0,1.0,0.0,1.0,0.0,0.14646465,172.0
40216,24.0,25.0,3.134959,no,no,30.0,0.0,0.0,1.0,1.0,0.42424244,114.0
40312,23.0,8.0,2.4896567,no,yes,20.0,0.0,0.0,1.0,1.0,0.5858586,278.0
40316,25.0,8.0,2.5293367,no,yes,60.0,0.0,0.0,1.0,0.0,0.969697,513.0
40318,23.0,8.0,2.6573532,no,yes,60.0,0.0,0.0,0.0,0.0,,
40320,25.0,8.0,3.1419656,yes,yes,30.0,0.0,1.0,1.0,1.0,0.5,436.0
40322,24.0,8.0,2.4230156,no,yes,80.0,0.0,0.0,1.0,0.0,0.85858583,734.0
40328,22.0,8.0,2.8085544,no,yes,40.0,1.0,0.0,0.0,0.0,,
40334,23.0,8.0,3.0268366,no,yes,200.0,0.0,0.0,1.0,0.0,0.540404,522.0
40336,25.0,8.0,1.8216889,no,yes,120.0,1.0,0.0,1.0,1.0,0.24747474,166.0
40342,23.0,8.0,2.5596123,no,no,120.0,0.0,0.0,0.0,1.0,,
40344,22.0,8.0,2.0979366,no,yes,120.0,0.0,1.0,1.0,0.0,0.045454547,178.0
40346,22.0,8.0,2.3013978,no,yes,120.0,0.0,0.0,1.0,0.0,0.21717171,250.0
40352,23.0,8.0,2.51021,no,no,50.0,1.0,0.0,0.0,1.0,,
40444,34.0,8.0,4.5790925,yes,yes,240.0,1.0,1.0,1.0,0.0,0.33838382,473.0
40456,23.0,8.0,2.9682412,no,yes,40.0,1.0,0.0,1.0,1.0,0.6212121,696.0
40472,25.0,8.0,2.79974,no,yes,90.0,0.0,0.0,1.0,0.0,0.86868685,497.0
40490,21.0,8.0,2.2997365,no,yes,200.0,1.0,0.0,1.0,0.0,0.8939394,572.0
41082,18.0,7.0,2.5007055,no,no,35.0,0.0,0.0,1.0,0.0,0.4848485,704.0
41100,23.0,7.0,2.6378334,no,yes,140.0,0.0,0.0,0.0,0.0,,
41116,23.0,7.0,2.7402666,no,no,150.0,1.0,0.0,1.0,0.0,0.7171717,474.0
41128,22.0,7.0,2.4057565,no,yes,120.0,0.0,0.0,1.0,0.0,0.530303,518.0
41140,29.0,7.0,2.4869277,no,yes,90.0,1.0,1.0,0.0,1.0,,
41142,24.0,7.0,2.5200422,no,no,90.0,0.0,0.0,0.0,1.0,,
41156,20.0,7.0,2.4484098,no,yes,60.0,0.0,0.0,0.0,0.0,,
41274,21.0,6.0,2.30598,no,yes,60.0,0.0,0.0,0.0,0.0,,
41278,24.0,6.0,2.3615975,no,yes,20.0,0.0,0.0,0.0,1.0,,
41286,23.0,6.0,2.2320545,no,yes,60.0,1.0,0.0,1.0,1.0,0.32323232,266.0
41296,18.0,6.0,2.4690301,no,no,40.0,0.0,0.0,1.0,0.0,0.969697,464.0
41298,25.0,6.0,2.215189,no,yes,90.0,1.0,0.0,1.0,0.0,0.64646465,767.0
41304,22.0,6.0,2.3107343,no,yes,2.0,1.0,0.0,0.0,0.0,,
41306,20.0,6.0,2.3874621,no,no,30.0,0.0,0.0,1.0,0.0,0.035353534,385.0
41308,24.0,6.0,2.4447365,no,no,30.0,0.0,1.0,0.0,0.0,,
41316,20.0,6.0,2.415078,no,no,30.0,0.0,0.0,1.0,0.0,0.93434346,474.0
41318,22.0,6.0,2.8944988,no,yes,150.0,0.0,0.0,1.0,0.0,0.0,178.0
41320,22.0,6.0,2.0357277,no,yes,160.0,1.0,0.0,1.0,0.0,0.1969697,329.0
41332,22.0,6.0,2.2184744,no,yes,70.0,1.0,0.0,1.0,0.0,0.2020202,760.0
41334,23.0,6.0,2.3744655,no,yes,120.0,0.0,0.0,0.0,0.0,,
41340,25.0,6.0,2.0534735,no,yes,60.0,1.0,1.0,0.0,1.0,,
41344,24.0,6.0,2.2516668,no,yes,40.0,1.0,0.0,0.0,1.0,,
41736,22.0,6.0,2.2245467,no,no,40.0,0.0,0.0,0.0,0.0,,
41754,22.0,6.0,1.9151045,no,no,50.0,0.0,0.0,1.0,1.0,0.989899,380.0
41780,23.0,6.0,2.2691445,no,no,47.0,0.0,0.0,0.0,1.0,,
41812,23.0,6.0,2.3839755,no,no,32.0,0.0,0.0,0.0,0.0,,
41814,22.0,6.0,2.0923011,no,no,30.0,0.0,0.0,0.0,1.0,,
41818,23.0,6.0,1.5676389,no,yes,40.0,0.0,0.0,1.0,1.0,0.3181818,553.0
41846,21.0,6.0,2.2940457,no,no,20.0,0.0,0.0,0.0,1.0,,
42096,23.0,5.0,1.9338323,no,yes,60.0,1.0,0.0,0.0,0.0,,
42098,21.0,5.0,2.1436677,no,yes,20.0,0.0,0.0,0.0,0.0,,
42104,21.0,5.0,2.0368733,no,yes,20.0,0.0,0.0,1.0,0.0,0.5050505,241.0
42108,23.0,5.0,2.180999,no,yes,165.0,1.0,0.0,1.0,0.0,0.61616164,479.0
42110,23.0,5.0,2.3355234,no,yes,60.0,0.0,0.0,1.0,0.0,0.42929292,30.0
42112,22.0,5.0,2.201969,no,yes,60.0,1.0,0.0,0.0,1.0,,
42120,20.0,5.0,2.1931677,no,no,40.0,0.0,0.0,1.0,0.0,0.21717171,17.0
42136,21.0,5.0,2.31015,no,yes,60.0,0.0,0.0,1.0,0.0,0.67676765,241.0
42140,25.0,5.0,2.0991511,yes,yes,120.0,1.0,1.0,1.0,0.0,0.30808082,426.0
42146,21.0,5.0,2.6055667,no,yes,155.0,1.0,0.0,1.0,0.0,0.33838382,447.0
42152,25.0,5.0,2.2796545,no,yes,120.0,1.0,0.0,1.0,0.0,0.94949496,647.0
42308,23.0,5.0,2.1777735,no,yes,190.0,0.0,1.0,1.0,1.0,0.46969697,392.0
42314,24.0,5.0,1.7768145,no,no,20.0,1.0,0.0,0.0,1.0,,
42350,27.0,5.0,2.1230488,no,yes,90.0,1.0,1.0,0.0,1.0,,
42578,22.0,4.0,2.3495045,no,no,20.0,1.0,0.0,1.0,1.0,0.3131313,685.0
42584,21.0,4.0,2.4338334,no,yes,25.0,0.0,0.0,0.0,0.0,,
42590,22.0,4.0,2.426998,no,yes,90.0,1.0,0.0,1.0,0.0,0.09090909,29.0
42592,23.0,4.0,2.1660967,no,yes,120.0,0.0,0.0,0.0,0.0,,
42594,20.0,4.0,2.038211,no,yes,90.0,0.0,0.0,0.0,0.0,,
42614,20.0,4.0,2.1441312,no,yes,60.0,0.0,0.0,1.0,0.0,0.23737374,745.0
42618,22.0,4.0,2.4991667,no,yes,30.0,1.0,0.0,1.0,1.0,0.32828283,457.0
42624,23.0,4.0,2.116959,no,yes,180.0,0.0,0.0,1.0,0.0,0.88383836,765.0
42626,22.0,4.0,2.1080043,no,no,40.0,0.0,0.0,1.0,0.0,0.0959596,535.0
42628,22.0,4.0,2.669818,no,yes,140.0,1.0,0.0,1.0,0.0,0.540404,518.0
42632,21.0,4.0,2.1365278,no,yes,210.0,0.0,0.0,1.0,0.0,0.08585858,343.0
42634,20.0,4.0,2.3890445,no,yes,20.0,1.0,0.0,1.0,1.0,0.77272725,365.0
42682,22.0,4.0,2.2165678,no,yes,240.0,0.0,1.0,1.0,0.0,0.44444445,412.0
43254,21.0,3.0,2.0256157,no,yes,120.0,0.0,0.0,0.0,1.0,,
43258,22.0,3.0,2.5343,no,yes,180.0,1.0,0.0,1.0,0.0,0.5555556,490.0
43264,22.0,3.0,2.1834314,no,yes,210.0,1.0,0.0,1.0,1.0,0.540404,519.0
43266,20.0,3.0,2.4405427,no,no,40.0,0.0,0.0,1.0,1.0,0.8939394,732.0
43270,25.0,3.0,2.6007185,no,yes,180.0,0.0,0.0,1.0,0.0,0.77272725,633.0
43272,20.0,3.0,2.5328286,no,no,20.0,0.0,0.0,0.0,0.0,,
43278,23.0,3.0,1.8964972,no,yes,120.0,0.0,0.0,1.0,1.0,0.07575758,162.0
43280,22.0,3.0,2.16099,no,yes,20.0,0.0,0.0,0.0,1.0,,
43282,23.0,3.0,2.2363343,no,yes,65.0,1.0,0.0,1.0,0.0,0.22222222,195.0
43286,20.0,3.0,2.34046,no,yes,20.0,0.0,0.0,1.0,0.0,0.8484849,404.0
43288,21.0,3.0,2.3061087,no,yes,105.0,1.0,0.0,1.0,0.0,0.90909094,628.0
43304,22.0,3.0,1.8463442,no,no,25.0,0.0,0.0,0.0,1.0,,
43310,22.0,3.0,2.5656571,no,no,30.0,0.0,0.0,1.0,1.0,0.21212122,507.0
43500,27.0,3.0,2.6960227,yes,yes,120.0,0.0,1.0,1.0,1.0,0.510101,523.0
43502,23.0,3.0,2.459057,no,no,25.0,0.0,0.0,0.0,1.0,,
43514,23.0,3.0,2.4673429,no,yes,80.0,1.0,0.0,0.0,1.0,,
43518,24.0,3.0,2.4029028,no,no,180.0,1.0,0.0,0.0,0.0,,
43520,23.0,3.0,1.6894429,no,yes,80.0,1.0,0.0,0.0,1.0,,
43524,24.0,3.0,2.34497,no,yes,140.0,1.0,0.0,1.0,0.0,0.3939394,397.0
43526,24.0,3.0,2.0019844,no,no,220.0,0.0,0.0,1.0,0.0,0.07070707,202.0
43528,22.0,3.0,2.0830257,no,yes,120.0,1.0,0.0,0.0,1.0,,
43530,21.0,3.0,2.2051158,no,no,80.0,1.0,0.0,0.0,0.0,,
43532,18.0,3.0,2.4022157,no,no,20.0,0.0,0.0,0.0,0.0,,
43534,23.0,3.0,2.3380985,no,yes,180.0,1.0,0.0,1.0,1.0,0.121212125,186.0
43538,27.0,4.0,2.230272,yes,yes,90.0,0.0,1.0,0.0,1.0,,
43542,28.0,4.5,1.9261174,yes,yes,30.0,0.0,1.0,0.0,0.0,,
43556,26.0,3.5,2.3313868,no,yes,40.0,0.0,1.0,0.0,0.0,,
43564,29.0,4.0,2.1736722,yes,yes,30.0,0.0,1.0,1.0,0.0,0.16666667,675.0
43568,22.0,4.0,2.065238,no,yes,30.0,0.0,0.0,0.0,0.0,,
43570,18.0,3.5,2.4264233,no,yes,180.0,1.0,0.0,1.0,0.0,0.36363637,417.0
43926,22.0,3.0,2.893118,no,yes,50.0,1.0,0.0,1.0,0.0,0.66161615,224.0
43928,22.0,4.0,2.0455067,no,yes,20.0,0.0,0.0,0.0,1.0,,
43932,22.0,4.0,2.0495067,no,no,20.0,0.0,0.0,1.0,1.0,0.045454547,255.0
43946,24.0,3.0,2.270552,no,yes,120.0,0.0,0.0,1.0,0.0,0.015151516,350.0
43952,24.0,3.0,2.228978,no,yes,140.0,0.0,0.0,0.0,1.0,,
44236,22.0,2.5,1.7560683,no,yes,90.0,0.0,0.0,0.0,1.0,,
44238,24.0,2.5,2.4825802,no,yes,30.0,0.0,0.0,0.0,1.0,,
44248,22.0,2.5,2.193135,no,no,3.0,1.0,0.0,0.0,0.0,,
44250,19.0,2.5,1.6848617,no,no,60.0,0.0,0.0,1.0,0.0,0.59090906,318.0
44254,24.0,2.5,1.7204667,no,yes,60.0,0.0,1.0,1.0,1.0,0.7979798,359.0
44256,21.0,2.5,1.8639133,no,yes,120.0,0.0,0.0,1.0,0.0,0.18181819,301.0
44266,19.0,2.5,2.1462648,no,yes,55.0,1.0,0.0,1.0,0.0,0.41919193,150.0
44276,21.0,2.5,1.8383517,no,yes,60.0,0.0,0.0,1.0,1.0,0.6919192,490.0
44278,20.0,2.5,1.7550284,no,no,20.0,0.0,0.0,0.0,0.0,,
44280,24.0,2.5,1.9355867,no,no,110.0,1.0,0.0,1.0,1.0,0.96464646,528.0
44282,20.0,2.5,1.9008915,no,yes,240.0,0.0,0.0,1.0,0.0,0.86868685,660.0
44286,22.0,2.5,1.7338101,no,no,95.0,0.0,0.0,1.0,0.0,0.48989898,1.0
44288,23.0,2.5,1.8778965,no,no,40.0,0.0,0.0,1.0,0.0,0.42929292,20.0
44398,22.0,2.5,1.7807182,no,yes,120.0,1.0,0.0,1.0,0.0,0.9040404,749.0
44400,28.0,2.5,2.0650983,yes,yes,40.0,0.0,1.0,1.0,0.0,0.2979798,61.0
44408,22.0,2.5,1.6431301,no,yes,180.0,0.0,0.0,1.0,0.0,0.12626262,207.0
44412,18.0,2.5,1.2351917,no,yes,180.0,0.0,0.0,0.0,0.0,,
44414,22.0,2.5,1.8320867,no,no,120.0,0.0,0.0,0.0,1.0,,
44782,23.0,2.0,2.7881098,no,yes,60.0,1.0,0.0,1.0,0.0,0.8939394,449.0
44784,31.0,2.0,2.49969,no,yes,30.0,1.0,0.0,1.0,1.0,0.5707071,235.0
44794,23.0,3.0,2.4931734,no,yes,40.0,1.0,0.0,1.0,0.0,0.92424244,656.0
44800,25.0,2.0,2.74229,no,yes,120.0,1.0,0.0,1.0,1.0,0.82323235,638.0
44808,22.0,2.0,2.4890897,no,no,120.0,1.0,0.0,1.0,0.0,0.32323232,446.0
45206,25.0,2.0,1.4830899,no,yes,180.0,1.0,0.0,0.0,1.0,,
45230,22.0,2.0,1.601506,no,yes,120.0,0.0,0.0,0.0,0.0,,
45232,18.0,2.0,1.467738,no,no,60.0,0.0,0.0,1.0,1.0,0.43434343,753.0
45238,22.0,2.0,1.6785461,no,yes,40.0,1.0,0.0,1.0,0.0,0.5858586,584.0
45240,20.0,2.0,1.352266,no,no,40.0,0.0,0.0,0.0,0.0,,
45254,23.0,2.0,1.908324,no,yes,210.0,1.0,0.0,0.0,1.0,,
45270,21.0,2.0,1.4796121,no,no,20.0,0.0,0.0,0.0,0.0,,
45442,22.0,2.5,2.4788702,no,yes,40.0,1.0,0.0,1.0,0.0,0.14141414,287.0
45730,22.0,1.5,1.7010175,no,no,100.0,0.0,0.0,1.0,0.0,0.74242425,522.0
45732,21.0,1.5,1.6412076,no,no,90.0,1.0,0.0,0.0,0.0,,
45734,21.0,1.5,1.2982326,no,no,90.0,0.0,0.0,1.0,0.0,0.4040404,586.0
45746,23.0,1.5,1.7275676,no,no,60.0,0.0,0.0,0.0,0.0,,
45750,22.0,1.5,1.6346575,no,yes,140.0,1.0,1.0,1.0,0.0,0.7979798,717.0
45758,20.0,1.5,1.7030776,no,yes,10.0,1.0,0.0,0.0,0.0,,
45760,22.0,1.5,1.67313,no,yes,60.0,1.0,0.0,0.0,0.0,,
45764,28.0,1.5,1.71726,no,yes,60.0,1.0,0.0,1.0,0.0,0.13636364,707.0
45772,21.0,1.5,1.648035,no,no,80.0,0.0,0.0,1.0,0.0,0.67171717,344.0
45778,25.0,1.5,1.7218449,no,no,120.0,1.0,0.0,0.0,0.0,,
45780,21.0,1.5,1.648225,no,yes,30.0,0.0,0.0,1.0,0.0,0.01010101,443.0
45784,23.0,1.5,1.697285,no,yes,70.0,1.0,0.0,1.0,1.0,0.36363637,736.0
45786,19.0,1.5,1.4980575,no,no,43.0,0.0,0.0,0.0,1.0,,
45790,20.0,1.5,1.514765,no,no,25.0,0.0,0.0,0.0,1.0,,
45834,20.0,1.5,1.3220274,no,no,80.0,0.0,0.0,1.0,0.0,0.035353534,255.0
45856,22.0,1.5,1.3680625,no,yes,80.0,0.0,0.0,0.0,0.0,,
45862,18.0,1.5,1.230625,no,yes,180.0,1.0,0.0,1.0,0.0,1.0,719.0
46004,24.0,2.0,2.11385,no,yes,6.0,1.0,0.0,0.0,0.0,,
46006,25.0,2.0,1.86586,no,yes,60.0,1.0,1.0,1.0,1.0,0.3181818,334.0
46008,22.0,1.5,1.83905,no,no,50.0,1.0,0.0,1.0,0.0,0.14141414,202.0
46010,25.0,25.0,1.328755,no,no,30.0,0.0,0.0,0.0,1.0,,
46016,19.0,1.5,1.4504375,no,yes,30.0,0.0,0.0,1.0,0.0,0.6818182,224.0
46018,17.0,1.5,1.20444,no,no,30.0,0.0,0.0,0.0,0.0,,
46022,17.0,1.5,1.21079,no,no,30.0,0.0,0.0,1.0,0.0,0.8636364,622.0
46026,19.0,1.5,1.442155,no,yes,60.0,0.0,0.0,1.0,1.0,0.65656567,287.0
46034,17.0,1.5,1.255515,no,yes,50.0,0.0,0.0,1.0,0.0,0.28282827,757.0
46036,20.0,1.5,1.3746525,no,yes,30.0,0.0,0.0,1.0,0.0,0.96464646,725.0
46044,21.0,1.5,1.6189051,no,no,70.0,0.0,0.0,1.0,0.0,0.3181818,650.0
46046,22.0,1.5,1.344785,no,yes,65.0,1.0,0.0,0.0,0.0,,
46050,19.0,1.5,1.4123526,no,no,30.0,0.0,0.0,0.0,0.0,,
46058,22.0,1.5,1.401275,no,no,40.0,0.0,0.0,0.0,0.0,,
46060,20.0,1.5,1.4131875,no,yes,80.0,0.0,0.0,1.0,0.0,0.46969697,24.0
46066,17.0,1.5,1.253765,no,yes,50.0,0.0,0.0,0.0,0.0,,
46070,24.0,1.5,1.3811799,no,yes,150.0,1.0,0.0,1.0,1.0,0.9141414,666.0
46074,22.0,1.5,1.3831799,no,yes,60.0,0.0,0.0,0.0,0.0,,
46476,19.0,1.0,1.62701,no,yes,90.0,0.0,0.0,1.0,1.0,0.5808081,557.0
46478,18.0,1.0,1.3734667,no,yes,25.0,0.0,0.0,0.0,0.0,,
46494,18.0,1.0,1.4149433,no,yes,24.0,0.0,0.0,1.0,0.0,0.9040404,682.0
46502,19.0,1.0,1.3734667,no,yes,40.0,0.0,0.0,1.0,0.0,0.65656567,216.0
46510,17.0,1.0,1.3684666,no,no,60.0,0.0,0.0,1.0,0.0,0.035353534,665.0
46536,20.0,1.0,1.45045,no,no,36.0,0.0,0.0,1.0,0.0,0.82323235,406.0
46538,19.0,1.0,1.4036967,no,no,40.0,0.0,0.0,1.0,0.0,0.540404,427.0
46540,18.0,1.0,1.3841,no,no,40.0,0.0,0.0,0.0,0.0,,
46542,18.0,1.0,1.375,no,no,30.0,1.0,0.0,1.0,0.0,0.77272725,406.0
46546,22.0,1.0,1.5264367,no,yes,120.0,0.0,0.0,0.0,1.0,,
46632,18.0,1.0,1.6285033,no,yes,120.0,0.0,0.0,1.0,0.0,0.2979798,393.0
46638,27.0,25.0,1.62655,yes,no,180.0,0.0,1.0,0.0,1.0,,
46642,21.0,1.0,2.01046,no,no,40.0,1.0,0.0,0.0,0.0,,
46644,23.0,1.5,2.59774,no,no,80.0,0.0,0.0,0.0,0.0,,
46650,24.0,1.0,2.0237932,no,no,90.0,1.0,0.0,1.0,0.0,0.045454547,590.0
47184,26.0,0.5,3.335,no,yes,110.0,0.0,0.0,0.0,1.0,,
47186,19.0,0.5,1.36,no,no,60.0,0.0,0.0,0.0,0.0,,
47188,17.0,0.5,1.36,no,no,40.0,0.0,0.0,0.0,0.0,,
47194,17.0,0.5,1.36,no,yes,40.0,1.0,0.0,1.0,0.0,0.24242425,496.0
47198,22.0,0.5,1.56,no,no,60.0,0.0,0.0,1.0,0.0,0.540404,589.0
47200,21.0,0.5,1.5525,no,no,30.0,0.0,0.0,0.0,0.0,,
47216,20.0,0.5,1.5525,no,no,40.0,0.0,0.0,1.0,0.0,0.030303031,474.0
47240,17.0,0.5,1.36,no,no,20.0,1.0,0.0,1.0,0.0,0.8080808,585.0
47254,24.0,0.5,1.56,no,no,20.0,0.0,0.0,1.0,1.0,0.57575756,215.0
47268,21.0,0.5,1.603705,no,yes,60.0,0.0,0.0,1.0,0.0,0.12626262,52.0
47270,19.0,0.5,1.483705,no,no,120.0,0.0,0.0,0.0,0.0,,
47272,23.0,0.5,1.989655,no,no,20.0,1.0,0.0,1.0,1.0,0.21717171,405.0
47274,24.0,25.0,1.989655,no,yes,40.0,1.0,0.0,0.0,1.0,,
47276,23.0,0.5,1.989655,no,yes,40.0,1.0,0.0,1.0,0.0,0.8333333,351.0
47278,28.0,0.5,1.645515,no,yes,100.0,1.0,0.0,0.0,0.0,,
47280,19.0,0.5,1.617325,no,no,50.0,1.0,0.0,0.0,0.0,,
47282,26.0,1.0,2.00103,no,yes,140.0,1.0,0.0,0.0,0.0,,
47284,20.0,0.5,1.650085,no,yes,120.0,0.0,0.0,1.0,0.0,0.8030303,625.0
47286,19.0,0.5,1.530255,no,no,120.0,0.0,0.0,1.0,0.0,0.16666667,361.0
47288,19.0,0.5,1.6417199,no,no,110.0,1.0,0.0,0.0,0.0,,
47294,20.0,0.5,1.485255,no,yes,90.0,0.0,0.0,1.0,0.0,0.025252525,623.0
47296,20.0,0.5,1.49172,no,yes,150.0,0.0,0.0,1.0,1.0,0.3030303,401.0
47304,25.0,0.5,1.5071551,no,no,40.0,1.0,0.0,0.0,0.0,,
47310,20.0,0.5,1.45077,no,yes,180.0,0.0,0.0,0.0,0.0,,
47312,22.0,0.5,1.49422,no,yes,120.0,0.0,0.0,1.0,0.0,0.64141417,524.0
47314,18.0,0.5,1.2992251,no,yes,60.0,0.0,0.0,1.0,0.0,0.4090909,440.0
47322,20.0,0.5,1.2971851,no,yes,30.0,0.0,0.0,0.0,1.0,,
47324,22.0,0.5,1.4287051,no,no,140.0,1.0,0.0,0.0,1.0,,
47328,22.0,0.5,1.305255,no,yes,30.0,0.0,0.0,0.0,0.0,,
47330,23.0,0.5,1.485255,no,no,40.0,0.0,0.0,1.0,0.0,0.9191919,392.0
47534,23.0,0.5,1.248795,no,yes,180.0,0.0,0.0,0.0,0.0,,
47552,21.0,0.5,1.238795,no,yes,140.0,1.0,0.0,0.0,0.0,,
47648,20.0,0.5,1.216895,no,yes,120.0,1.0,0.0,1.0,0.0,0.04040404,213.0
47650,19.0,1.0,1.725,no,yes,60.0,0.0,0.0,0.0,0.0,,
47652,21.0,1.0,1.685,no,yes,90.0,0.0,0.0,0.0,0.0,,
48028,26.0,0.0,1.34034,no,no,40.0,0.0,0.0,0.0,1.0,,
48032,29.0,0.0,1.3103399,no,yes,60.0,0.0,0.0,0.0,0.0,,
48036,18.0,0.0,1.24137,no,no,170.0,1.0,0.0,0.0,0.0,,
48040,23.0,0.0,1.34034,no,yes,90.0,1.0,0.0,1.0,1.0,0.055555556,282.0
48042,21.0,0.0,1.34034,no,yes,90.0,1.0,0.0,1.0,1.0,0.17676768,179.0
48046,26.0,0.0,1.27586,yes,yes,180.0,0.0,1.0,0.0,0.0,,
48054,23.0,0.0,1.3103399,no,yes,90.0,1.0,0.0,1.0,0.0,0.36868685,654.0
48056,21.0,0.0,1.34034,no,no,110.0,1.0,0.0,1.0,1.0,0.63131315,375.0
48058,20.0,0.0,1.3103399,no,yes,55.0,1.0,0.0,1.0,0.0,0.8181818,520.0
48060,22.0,0.0,1.3103399,no,no,120.0,0.0,0.0,0.0,0.0,,
48066,22.0,0.0,1.34034,no,no,120.0,0.0,0.0,1.0,1.0,0.67171717,494.0
48068,22.0,0.0,1.3103399,no,yes,220.0,0.0,0.0,1.0,1.0,0.63131315,486.0
48072,21.0,0.0,1.3103399,no,yes,180.0,1.0,0.0,0.0,1.0,,
48074,23.0,0.0,1.24137,no,no,150.0,0.0,0.0,1.0,0.0,0.7222222,541.0
48076,19.0,0.0,1.3103399,no,no,20.0,0.0,0.0,0.0,0.0,,
48078,23.0,0.0,1.34034,no,yes,4.0,0.0,0.0,1.0,1.0,0.4848485,213.0
48080,22.0,0.0,1.24137,no,yes,30.0,1.0,0.0,0.0,0.0,,
48088,20.0,0.0,1.3103399,no,yes,120.0,1.0,0.0,1.0,1.0,0.82828283,737.0
48094,21.0,0.0,1.3103399,no,yes,190.0,1.0,0.0,1.0,0.0,0.84343433,583.0
48096,23.0,0.0,1.3103399,no,yes,90.0,0.0,0.0,0.0,0.0,,
48100,21.0,0.0,1.3103399,no,yes,90.0,0.0,0.0,0.0,0.0,,
48120,25.0,0.0,0.99052,no,yes,60.0,0.0,1.0,1.0,0.0,0.13131313,81.0
48122,20.0,0.0,1.2665501,no,yes,40.0,0.0,0.0,0.0,0.0,,
48124,23.0,0.0,1.0505201,no,yes,50.0,0.0,0.0,1.0,0.0,0.7676768,539.0
48130,21.0,0.0,1.19742,no,yes,120.0,0.0,0.0,0.0,1.0,,
48138,26.0,0.0,1.12552,no,no,40.0,1.0,0.0,0.0,1.0,,
48372,24.0,0.0,0.62069,no,yes,50.0,0.0,0.0,1.0,0.0,0.67676765,505.0
48378,18.0,0.0,0.62069,no,yes,160.0,1.0,0.0,0.0,0.0,,
48382,22.0,0.0,0.62069,no,no,80.0,1.0,0.0,0.0,0.0,,
48386,18.0,0.0,0.53793,no,yes,120.0,1.0,0.0,1.0,0.0,0.7777778,604.0
