newid,age_ref,fam_size,no_earnr,region,totexppq,foodpq,hh_cu_q,fractearners,ratioover64,ratioless18,rationless2,urbn,northe,midw,west,raceb,racea,racena,racepi,racew,jfs_amt,r
2812745,29,3,0,2,3863.6667,476.6667,1,0.0,0.0,0.33333334,0.0,1,0,1,0,0,0,0,0,1,0,1.0720221e-05
2802255,18,1,1,1,1364.8333,173.3333,1,1.0,0.0,0.0,0.0,1,1,0,0,1,0,0,0,0,0,3.708317e-05
2670405,35,3,1,4,3791.9165,355.3333,1,0.33333334,0.0,0.6666667,0.0,1,0,0,1,0,0,0,0,1,0,0.00017537898
2673395,52,5,4,1,5786.6665,623.3333,1,0.8,0.0,0.2,0.0,1,1,0,0,0,0,0,0,1,0,0.00042038062
2707544,23,2,2,4,2189.1667,338.0,1,1.0,0.0,0.0,0.0,1,0,0,1,0,0,0,0,1,1200,0.00047351117
2707854,24,3,1,3,1108.8333,476.6667,1,0.33333334,0.0,0.6666667,0.33333334,1,0,0,0,1,0,0,0,0,0,0.000494011
2663405,39,4,2,2,11297.167,1219.3333,1,0.5,0.0,0.5,0.25,1,0,1,0,0,0,0,0,1,0,0.0005727394
2664465,33,2,2,2,13541.786,1723.3333,1,1.0,0.0,0.0,0.0,1,0,1,0,0,0,0,0,1,0,0.00068506994
2709784,58,5,2,3,2538.4666,715.0,1,0.4,0.0,0.2,0.2,1,0,0,0,1,0,0,0,0,0,0.0010803926
2769182,29,2,2,4,5324.5,650.0,1,1.0,0.0,0.0,0.0,1,0,0,1,0,1,0,0,0,0,0.0011001113
2753594,38,1,1,4,9520.0,1240.0,2,1.0,0.0,0.0,0.0,1,0,0,1,0,0,0,0,1,0,0.0012712302
2761322,66,2,2,3,13835.934,1326.0,1,1.0,0.5,0.0,0.0,1,0,0,0,0,0,0,0,1,0,0.0013816182
2716073,43,6,1,3,11790.75,2695.0,1,0.16666667,0.0,0.6666667,0.0,1,0,0,0,0,0,0,0,1,0,0.0013920439
2685074,49,1,1,2,3564.0,585.0,1,1.0,0.0,0.0,0.0,1,0,1,0,0,0,0,0,1,0,0.0014728508
2736523,69,1,0,3,2712.9,1119.3333,1,0.0,1.0,0.0,0.0,1,0,0,0,1,0,0,0,0,0,0.0015460481
2676045,64,4,2,4,2938.95,705.0,1,0.5,0.0,0.5,0.0,1,0,0,1,0,0,0,0,1,0,0.0015566342
2753402,50,2,2,4,14641.3,468.0,1,1.0,0.0,0.0,0.0,1,0,0,1,0,1,0,0,0,0,0.0015897125
2662395,50,2,2,3,8028.5,1516.6667,1,1.0,0.0,0.0,0.0,1,0,0,0,0,0,0,0,1,0,0.001652699
2664175,52,2,2,3,9734.333,1906.6667,1,1.0,0.0,0.0,0.0,1,0,0,0,0,0,0,0,1,0,0.0017561866
2684334,50,4,2,2,17788.85,3100.0,1,0.5,0.0,0.5,0.0,1,0,1,0,0,0,0,0,1,0,0.0017649636
2663175,49,3,1,4,4188.433,910.0,1,0.33333334,0.0,0.0,0.0,1,0,0,1,0,0,0,0,1,0,0.0018320149
2754222,45,2,2,4,27260.7,2976.0,1,1.0,0.0,0.0,0.0,1,0,0,1,0,0,0,0,1,0,0.0018587245
2768042,51,3,2,3,10927.333,1126.6667,1,0.6666667,0.0,0.33333334,0.0,1,0,0,0,0,0,0,0,1,0,0.0018944424
2772522,25,3,1,2,1820.4834,216.6667,1,0.33333334,0.0,0.33333334,0.0,1,0,1,0,0,0,0,0,1,0,0.0020966171
2706424,33,4,3,3,6278.217,1297.6667,1,0.75,0.0,0.25,0.25,1,0,0,0,0,0,0,0,1,0,0.0022749507
2761715,54,1,1,4,5916.6665,260.0,1,1.0,0.0,0.0,0.0,1,0,0,1,0,0,0,0,1,0,0.0023078313
2737943,43,1,1,1,2268.5835,433.3333,1,1.0,0.0,0.0,0.0,1,1,0,0,0,0,0,0,1,0,0.002338407
2727603,21,1,1,2,1353.5,303.3333,2,1.0,0.0,0.0,0.0,1,0,1,0,0,0,0,0,1,0,0.002393289
2773822,46,4,1,1,2024.3334,411.6667,1,0.25,0.0,0.5,0.0,1,1,0,0,0,0,0,0,1,0,0.0024123797
2673335,57,3,2,3,2800.5166,810.3333,1,0.6666667,0.0,0.33333334,0.0,1,0,0,0,0,0,0,0,1,0,0.0025002917
2663465,87,1,0,2,12002.8,745.3333,1,0.0,1.0,0.0,0.0,1,0,1,0,0,0,0,0,1,0,0.002520905
2748442,53,5,3,3,8866.829,1300.0,1,0.6,0.0,0.2,0.0,0,0,0,0,0,0,0,0,1,0,0.003182579
2647645,54,2,2,4,13618.35,3437.0,1,1.0,0.0,0.0,0.0,1,0,0,1,0,0,0,0,1,0,0.003300634
2683314,43,5,2,1,61909.43,7150.0,1,0.4,0.0,0.6,0.0,1,1,0,0,0,0,0,0,1,0,0.0033152043
2714293,40,3,1,3,11024.3,2540.0,1,0.33333334,0.0,0.6666667,0.0,1,0,0,0,0,0,0,0,1,0,0.0033699062
2655695,43,5,1,2,24643.18,5370.0,1,0.2,0.0,0.6,0.0,1,0,1,0,0,0,0,0,1,0,0.003666506
2671935,72,3,0,3,3325.3667,866.6667,1,0.0,0.6666667,0.0,0.0,1,0,0,0,0,0,0,0,1,1800,0.003992166
2658045,69,1,1,3,9418.45,1950.0,1,1.0,1.0,0.0,0.0,1,0,0,0,0,0,0,0,1,0,0.0040143225
2683734,70,1,0,3,1997.0,559.0,1,0.0,1.0,0.0,0.0,1,0,0,0,0,0,0,0,1,0,0.004102485
2667635,39,2,2,4,10055.033,1213.3333,1,1.0,0.0,0.0,0.0,1,0,0,1,0,0,0,0,1,0,0.0044358643
2770592,54,2,1,3,2458.1833,758.3333,1,0.5,0.0,0.0,0.0,1,0,0,0,0,0,0,0,1,0,0.0045475964
2709624,69,2,0,4,4810.467,461.3333,1,0.0,1.0,0.0,0.0,1,0,0,1,0,1,0,0,0,0,0.004608758
2750522,35,5,2,4,20448.0,3510.0,1,0.4,0.0,0.6,0.0,1,0,0,1,0,0,0,0,0,0,0.004652236
2657265,51,2,2,1,16779.9,3560.0,1,1.0,0.0,0.0,0.0,1,1,0,0,0,0,0,0,1,0,0.0049344576
2659835,58,2,1,1,11801.2,1183.3333,1,0.5,0.0,0.0,0.0,1,1,0,0,0,0,0,0,1,0,0.0052528665
2776372,74,2,0,1,2413.8,381.6667,1,0.0,1.0,0.0,0.0,1,1,0,0,0,0,0,0,1,1920,0.0052630873
2717603,41,4,1,4,14629.25,2990.0,1,0.25,0.0,0.5,0.25,1,0,0,1,0,0,0,0,1,0,0.005295013
2670155,59,6,0,3,2493.3333,1061.6667,1,0.0,0.0,0.16666667,0.0,1,0,0,0,1,0,0,0,0,0,0.00538278
2705784,44,4,2,2,2512.5,476.6667,1,0.5,0.0,0.25,0.0,1,0,1,0,1,0,0,0,0,0,0.005666059
2655655,45,2,1,1,14499.0,1587.0,1,0.5,0.0,0.5,0.0,1,1,0,0,0,0,0,0,1,0,0.00569133
2650155,43,2,1,1,11746.75,2260.0,1,0.5,0.0,0.5,0.0,1,1,0,0,0,0,0,0,1,0,0.0058343904
2725293,40,2,1,4,4586.7334,433.3333,1,0.5,0.0,0.0,0.0,1,0,0,1,0,0,0,0,1,1800,0.0058540106
2763642,27,1,1,2,3400.8333,650.0,1,1.0,0.0,0.0,0.0,1,0,1,0,0,0,0,0,1,0,0.006417741
2716803,55,2,1,2,5632.75,715.0,1,0.5,0.0,0.0,0.0,0,0,1,0,0,0,0,0,1,0,0.006424026
2747512,75,2,0,4,23238.4,1820.0,1,0.0,1.0,0.0,0.0,1,0,0,1,0,0,0,0,1,0,0.00653477
2713593,22,1,1,3,3111.25,375.0,1,1.0,0.0,0.0,0.0,1,0,0,0,0,0,0,0,1,0,0.006717387
2707494,78,2,0,3,7754.467,823.3333,1,0.0,1.0,0.0,0.0,1,0,0,0,0,0,0,0,1,0,0.0072375024
2703414,76,1,0,3,1470.5667,216.6667,1,0.0,1.0,0.0,0.0,1,0,0,0,0,0,0,0,1,0,0.007262624
2710674,53,1,1,3,1983.2834,195.0,1,1.0,0.0,0.0,0.0,1,0,0,0,0,0,0,0,1,0,0.0073893783
2713014,71,1,1,3,6140.317,603.3333,1,1.0,1.0,0.0,0.0,0,0,0,0,0,0,0,0,1,4800,0.007704629
2656625,31,4,1,2,6084.65,2080.0,1,0.25,0.0,0.5,0.0,0,0,1,0,0,0,0,0,1,0,0.007841128
2721843,55,5,3,1,8908.25,1105.0,1,0.6,0.0,0.4,0.0,1,1,0,0,0,0,0,0,1,0,0.008023616
2688224,75,1,0,3,6054.7,975.0,1,0.0,1.0,0.0,0.0,1,0,0,0,0,0,0,0,1,0,0.00812763
2697454,63,6,2,4,16119.634,4593.3335,1,0.33333334,0.0,0.33333334,0.0,1,0,0,1,0,0,0,0,1,0,0.0081281895
2665985,59,2,0,4,21145.666,6003.3335,1,0.0,0.5,0.0,0.0,1,0,0,1,0,0,0,0,1,0,0.008347851
2764212,60,1,1,4,19762.188,876.6667,1,1.0,0.0,0.0,0.0,1,0,0,1,0,0,0,0,1,0,0.008691096
2785103,25,1,1,3,9050.5,906.0,1,1.0,0.0,0.0,0.0,1,0,0,0,1,0,0,0,0,0,0.008806425
2757992,69,2,1,1,4756.0503,1379.0,1,0.5,0.5,0.0,0.0,1,1,0,0,0,0,0,0,1,0,0.00896842
2738423,39,4,1,3,2077.2666,463.6667,1,0.25,0.25,0.5,0.0,1,0,0,0,0,0,0,0,1,0,0.009149447
2680694,55,4,4,3,15451.149,2676.0,1,1.0,0.0,0.0,0.0,1,0,0,0,0,0,0,0,1,0,0.009322163
2668425,53,1,1,3,7065.8335,953.3333,1,1.0,0.0,0.0,0.0,1,0,0,0,0,0,0,0,1,0,0.009345873
2719413,51,2,1,2,20335.5,2145.0,1,0.5,0.0,0.5,0.0,1,0,1,0,0,0,0,0,1,0,0.009361271
2736965,25,2,2,4,3425.0833,953.3333,1,1.0,0.0,0.0,0.0,1,0,0,1,0,0,0,0,0,0,0.009500358
2750612,59,2,2,2,9077.7,1920.0,1,1.0,0.0,0.0,0.0,1,0,1,0,0,0,0,0,1,0,0.009723576
2774362,32,1,1,4,1065.25,173.3333,2,1.0,0.0,0.0,0.0,1,0,0,1,0,0,0,0,1,0,0.009780411
2775602,75,1,0,2,1962.5667,228.6667,1,0.0,1.0,0.0,0.0,1,0,1,0,0,0,0,0,1,0,0.009981187
2699064,69,1,1,3,7833.0,648.3333,1,1.0,1.0,0.0,0.0,1,0,0,0,0,0,0,0,1,1440,0.0099823205
2737573,33,5,2,3,2639.5833,866.6667,1,0.4,0.0,0.6,0.0,1,0,0,0,0,0,0,0,1,0,0.010384129
2673245,69,1,1,1,3932.9,554.6667,1,1.0,1.0,0.0,0.0,1,1,0,0,0,0,0,0,1,0,0.010515768
2748852,44,3,1,3,25480.5,3315.0,1,0.33333334,0.0,0.6666667,0.0,1,0,0,0,0,0,0,0,1,0,0.010544166
2768332,51,2,1,3,12386.333,1993.3333,1,0.5,0.0,0.0,0.0,1,0,0,0,0,0,0,0,1,0,0.010604078
2666955,66,1,1,2,3667.6667,346.6667,1,1.0,1.0,0.0,0.0,1,0,1,0,0,0,0,0,1,0,0.011099636
2656385,54,2,1,3,67095.5,3822.0,1,0.5,0.0,0.0,0.0,1,0,0,0,0,0,0,0,1,0,0.011164904
2760222,45,5,2,2,6089.467,1769.3333,1,0.4,0.0,0.8,0.0,1,0,1,0,0,0,0,0,1,0,0.011338404
2752762,61,1,1,4,10854.9,1260.0,1,1.0,0.0,0.0,0.0,1,0,0,1,0,0,0,0,1,0,0.0117242765
2770472,43,5,2,1,8080.3667,1646.6667,1,0.4,0.0,0.2,0.0,1,1,0,0,0,0,0,0,1,2556,0.0117569845
2727443,69,1,0,4,2405.8,572.0,1,0.0,1.0,0.0,0.0,1,0,0,1,0,0,0,0,1,0,0.01177079
2780262,50,1,1,1,1814.9667,390.0,1,1.0,0.0,0.0,0.0,1,1,0,0,0,0,0,0,1,0,0.011821495
2737003,52,3,2,3,9479.25,866.6667,1,0.6666667,0.0,0.33333334,0.0,1,0,0,0,0,0,0,0,1,0,0.012066523
2665445,43,1,1,3,24122.787,2426.6667,1,1.0,0.0,0.0,0.0,1,0,0,0,0,0,0,0,1,0,0.0121233985
2728583,87,1,0,2,3011.4668,706.6667,1,0.0,1.0,0.0,0.0,1,0,1,0,0,0,0,0,1,0,0.012163718
2667135,52,1,1,4,14522.667,1950.0,1,1.0,0.0,0.0,0.0,1,0,0,1,0,0,0,0,1,2268,0.012459235
2776362,24,2,2,2,1690.25,368.3333,1,1.0,0.0,0.0,0.0,1,0,1,0,0,0,0,0,1,0,0.012627435
2766192,79,1,0,3,4249.1333,780.0,1,0.0,1.0,0.0,0.0,1,0,0,0,0,0,0,0,1,0,0.012844788
2767632,65,1,1,4,18924.453,865.3333,2,1.0,1.0,0.0,0.0,1,0,0,1,0,0,0,0,1,0,0.012923716
2674405,39,5,2,4,6268.5596,650.0,1,0.4,0.0,0.6,0.2,1,0,0,1,0,0,0,0,1,0,0.013125019
2664525,61,2,0,3,2497.1333,390.0,1,0.0,0.0,0.0,0.0,1,0,0,0,0,0,0,0,1,0,0.013206117
2778112,50,5,3,4,16805.643,952.6667,1,0.6,0.0,0.4,0.0,1,0,0,1,0,0,0,0,1,0,0.013242628
2659065,47,2,2,3,4146.1665,780.0,1,1.0,0.0,0.0,0.0,1,0,0,0,1,0,0,0,0,0,0.013362408
2708574,43,1,1,4,3290.6667,528.6667,1,1.0,0.0,0.0,0.0,1,0,0,1,0,0,0,0,1,0,0.013512454
2670825,52,3,2,2,3285.143,693.3333,1,0.6666667,0.0,0.33333334,0.0,1,0,1,0,0,0,0,0,1,0,0.013549475
2707764,39,5,1,4,5998.6665,693.3333,1,0.2,0.0,0.6,0.0,1,0,0,1,0,0,0,0,1,2280,0.013601963
2739013,40,3,1,4,9039.0,1213.3333,1,0.33333334,0.0,0.33333334,0.0,1,0,0,1,0,0,0,0,1,0,0.013942203
2766722,37,1,1,1,5165.5,1033.3333,1,1.0,0.0,0.0,0.0,1,1,0,0,0,0,0,0,1,0,0.014103006
2693004,74,1,0,1,1915.8,364.0,1,0.0,1.0,0.0,0.0,0,1,0,0,0,0,0,0,1,0,0.014131019
2696834,39,2,1,4,13717.133,1221.3333,1,0.5,0.0,0.0,0.0,1,0,0,1,0,0,0,0,1,0,0.014174302
2706064,65,3,2,1,3727.9165,476.6667,1,0.6666667,0.33333334,0.0,0.0,1,1,0,0,0,0,1,0,0,0,0.014758077
2767912,17,6,1,3,4928.0,650.0,1,0.16666667,0.16666667,0.5,0.16666667,1,0,0,0,0,0,0,0,1,0,0.014849583
2796022,34,1,1,4,6296.6665,1690.0,1,1.0,0.0,0.0,0.0,1,0,0,1,0,0,0,0,1,0,0.014945848
2727193,66,2,1,3,13501.033,1950.0,1,0.5,0.5,0.0,0.0,1,0,0,0,0,0,0,0,1,2268,0.016032986
2730703,74,1,1,4,5487.967,1646.6667,1,1.0,1.0,0.0,0.0,1,0,0,1,0,0,0,0,1,0,0.016108047
2756402,42,1,1,3,6763.5,520.0,1,1.0,0.0,0.0,0.0,1,0,0,0,0,0,0,0,1,4080,0.0161325
2759472,27,1,1,2,17808.834,423.3333,1,1.0,0.0,0.0,0.0,1,0,1,0,0,0,0,0,1,0,0.016146183
2705544,53,2,2,2,10330.36,741.0,1,1.0,0.0,0.0,0.0,1,0,1,0,0,0,0,0,1,0,0.016208606
2759842,27,2,2,2,12317.0,823.3333,1,1.0,0.0,0.0,0.0,1,0,1,0,0,0,0,0,1,0,0.016333584
2702884,41,4,1,3,1525.2334,346.6667,1,0.25,0.0,0.5,0.0,1,0,0,0,0,0,0,0,1,0,0.016409624
2748762,33,3,2,2,10800.351,2080.0,1,0.6666667,0.0,0.33333334,0.0,1,0,1,0,0,0,0,0,1,0,0.016897071
2669695,65,3,0,4,2798.8,910.0,1,0.0,0.6666667,0.0,0.0,1,0,0,1,0,0,0,0,1,0,0.017229646
2703724,80,1,0,1,1658.5667,252.6667,1,0.0,1.0,0.0,0.0,1,1,0,0,1,0,0,0,0,0,0.017331962
2702064,29,3,2,1,10543.033,1863.3333,1,0.6666667,0.0,0.33333334,0.33333334,1,1,0,0,0,0,0,0,1,0,0.017356124
2684324,49,2,2,2,37516.8,1775.0,1,1.0,0.0,0.5,0.0,1,0,1,0,0,0,0,0,1,0,0.017518029
2733743,65,2,1,3,12549.134,1633.3333,1,0.5,0.5,0.0,0.0,1,0,0,0,0,0,0,0,1,0,0.017537175
2700784,27,2,1,3,3980.3335,1040.0,1,0.5,0.0,0.5,0.0,1,0,0,0,0,0,0,0,1,0,0.0176634
2753432,68,2,0,3,5687.4,1300.0,1,0.0,1.0,0.0,0.0,1,0,0,0,0,0,0,0,1,0,0.017909057
2671175,61,1,0,4,2133.6667,216.6667,1,0.0,0.0,0.0,0.0,1,0,0,1,0,0,0,0,1,0,0.017945526
2695304,30,4,2,4,8771.867,1256.6667,1,0.5,0.0,0.5,0.0,1,0,0,1,0,0,0,0,1,2400,0.018177556
2685304,22,3,1,2,4468.0,1040.0,1,0.33333334,0.0,0.0,0.0,1,0,1,0,0,1,0,0,0,0,0.018325392
2733733,39,4,1,4,17123.166,1490.0,1,0.25,0.0,0.5,0.0,1,0,0,1,0,1,0,0,0,0,0.018642833
2695644,50,4,3,2,37443.94,2405.3333,1,0.75,0.0,0.25,0.0,1,0,1,0,0,0,0,0,0,0,0.018718882
2664615,24,3,2,2,9007.333,866.6667,1,0.6666667,0.0,0.33333334,0.33333334,1,0,1,0,0,0,0,0,1,0,0.018792456
2736103,65,2,0,1,8642.467,3025.6667,1,0.0,1.0,0.0,0.0,1,1,0,0,0,0,0,0,1,0,0.018800307
2735903,32,4,1,3,3299.4001,912.0,1,0.25,0.0,0.5,0.0,1,0,0,0,0,0,0,0,1,0,0.018949116
2689284,70,1,0,2,9163.2,1011.0,1,0.0,1.0,0.0,0.0,1,0,1,0,0,0,0,0,1,0,0.01905617
2675905,37,3,2,4,1840.7167,433.3333,1,0.6666667,0.33333334,0.0,0.0,1,0,0,1,0,0,0,0,1,0,0.019091664
2697594,58,2,0,3,7966.6665,1765.0,1,0.0,0.0,0.0,0.0,1,0,0,0,0,0,0,0,1,0,0.019873947
2778942,66,2,1,2,2930.85,996.6667,1,0.5,1.0,0.0,0.0,1,0,1,0,0,0,0,0,1,0,0.019960843
2695494,28,3,0,3,4732.6665,1260.6667,1,0.0,0.0,0.6666667,0.0,1,0,0,0,1,0,0,0,0,0,0.020110132
2690864,62,2,0,3,4721.7,1065.0,1,0.0,0.0,0.0,0.0,1,0,0,0,0,0,0,0,1,0,0.020373896
2680235,64,2,2,4,9489.81,2600.0,1,1.0,0.0,0.0,0.0,1,0,0,1,0,0,0,0,1,0,0.020505555
2680944,48,5,2,1,31506.2,3917.0,1,0.4,0.2,0.4,0.0,1,1,0,0,0,0,0,0,1,3600,0.020926038
2753072,61,2,2,3,27168.68,1755.0,1,1.0,0.0,0.0,0.0,1,0,0,0,0,0,0,0,1,0,0.020999478
2698044,77,3,1,3,5898.9336,1258.6667,1,0.33333334,0.6666667,0.33333334,0.0,1,0,0,0,0,0,0,0,1,0,0.021383332
2735073,62,2,1,2,8449.667,1040.0,1,0.5,0.0,0.0,0.0,0,0,1,0,0,0,0,0,1,0,0.021525944
2714083,87,1,0,2,6075.7,260.0,1,0.0,1.0,0.0,0.0,1,0,1,0,0,0,0,0,1,0,0.021531299
2700654,56,1,0,4,2223.4668,277.3333,1,0.0,0.0,0.0,0.0,1,0,0,1,0,0,0,0,1,0,0.02167955
2653055,49,1,1,2,15080.85,845.0,1,1.0,0.0,0.0,0.0,1,0,1,0,0,0,0,0,1,0,0.021745455
2743133,87,1,0,1,1238.2333,173.3333,1,0.0,1.0,0.0,0.0,1,1,0,0,0,1,0,0,0,0,0.02209156
2662445,59,2,2,2,13340.333,1346.6667,1,1.0,0.0,0.0,0.0,1,0,1,0,0,0,0,0,1,0,0.02217237
2719323,43,3,2,4,17031.05,2242.0,1,0.6666667,0.0,0.33333334,0.0,1,0,0,1,0,0,0,0,1,0,0.022321096
2688884,56,3,3,1,20553.25,1220.0,1,1.0,0.0,0.33333334,0.0,1,1,0,0,0,0,0,0,1,4200,0.022612538
2742513,60,1,1,1,3500.5,251.3333,1,1.0,0.0,0.0,0.0,1,1,0,0,0,0,0,0,1,0,0.02272692
2687804,75,3,0,3,5823.7,780.0,1,0.0,0.33333334,0.0,0.0,1,0,0,0,0,0,0,0,1,0,0.022921013
2758112,30,3,2,2,16635.75,2795.0,1,0.6666667,0.0,0.33333334,0.33333334,1,0,1,0,0,0,0,0,1,0,0.023051769
2675895,48,4,2,4,7968.6665,2080.0,1,0.5,0.0,0.5,0.0,1,0,0,1,0,0,0,0,1,0,0.023076633
2734363,81,1,0,3,5630.467,1083.3333,1,0.0,1.0,0.0,0.0,1,0,0,0,0,0,0,0,1,0,0.023130897
2667185,60,2,2,1,6932.5,1629.3333,1,1.0,0.0,0.0,0.0,1,1,0,0,0,0,0,0,1,0,0.023396615
2675295,87,1,0,4,9180.566,1733.3333,1,0.0,1.0,0.0,0.0,1,0,0,1,0,0,0,0,1,0,0.023706667
2748272,60,1,0,3,11862.0,1148.0,1,0.0,0.0,0.0,0.0,1,0,0,0,0,0,0,0,1,0,0.024285952
2704034,60,1,0,3,670.0,303.3333,1,0.0,0.0,0.0,0.0,0,0,0,0,0,0,0,0,1,0,0.024375174
2706214,50,1,1,3,4406.8335,325.0,1,1.0,0.0,0.0,0.0,1,0,0,0,0,0,0,0,1,0,0.024416897
2728745,20,1,1,4,2513.3333,563.3333,1,1.0,0.0,0.0,0.0,1,0,0,1,0,0,0,0,1,0,0.024489025
2759102,71,1,0,3,4867.1333,1300.0,1,0.0,1.0,0.0,0.0,1,0,0,0,0,0,0,0,1,0,0.02479069
2672655,74,1,0,2,1495.9,238.3333,1,0.0,1.0,0.0,0.0,1,0,1,0,0,0,0,0,1,0,0.025019117
2674895,87,1,0,2,4454.3335,173.3333,1,0.0,1.0,0.0,0.0,1,0,1,0,0,0,0,0,1,0,0.02510682
2675705,40,3,2,3,3827.6833,535.0,1,0.6666667,0.0,0.33333334,0.0,1,0,0,0,0,0,0,0,1,0,0.02567114
2721343,63,3,3,2,22610.15,2545.0,1,1.0,0.0,0.0,0.0,1,0,1,0,0,0,0,0,1,0,0.025828347
2654375,48,4,2,2,6394.0,1313.0,1,0.5,0.0,0.25,0.0,0,0,1,0,0,0,0,0,1,0,0.025935963
2771432,87,1,0,3,1794.2333,547.0,1,0.0,1.0,0.0,0.0,1,0,0,0,0,0,0,0,1,0,0.025966316
2717323,19,1,1,3,1654.4001,390.0,1,1.0,0.0,0.0,0.0,1,0,0,0,0,0,0,0,1,0,0.026129134
2745303,37,1,1,3,1290.3334,286.0,1,1.0,0.0,0.0,0.0,1,0,0,0,0,0,0,0,1,0,0.026210409
2740643,46,3,3,4,14726.06,2040.0,1,1.0,0.0,0.33333334,0.0,1,0,0,1,0,1,0,0,0,0,0.026224526
2724123,25,4,1,3,9531.4,1495.0,1,0.25,0.0,0.5,0.25,1,0,0,0,0,0,0,0,1,0,0.026261888
2716183,80,2,0,4,6781.4,2275.0,1,0.0,1.0,0.0,0.0,1,0,0,1,0,0,0,0,1,0,0.026406204
2768955,55,1,1,2,2894.1333,433.3333,1,1.0,0.0,0.0,0.0,1,0,1,0,0,0,0,0,1,0,0.026411597
2721003,74,2,0,3,16476.7,3380.0,1,0.0,1.0,0.0,0.0,1,0,0,0,0,0,0,0,1,0,0.027012426
2705804,57,1,1,3,3711.8333,281.6667,1,1.0,0.0,0.0,0.0,1,0,0,0,1,0,0,0,0,0,0.027516875
2737303,54,3,1,4,4184.6665,433.3333,1,0.33333334,0.0,0.33333334,0.0,1,0,0,1,0,0,0,0,1,0,0.027665729
2713154,30,5,2,3,7998.967,1560.0,1,0.4,0.0,0.6,0.2,1,0,0,0,0,0,0,0,1,0,0.027835151
2676935,36,1,0,3,961.3333,173.3333,2,0.0,0.0,0.0,0.0,1,0,0,0,0,0,0,0,1,0,0.02786668
2668765,50,3,2,4,13626.834,2200.0,1,0.6666667,0.0,0.33333334,0.0,1,0,0,1,0,1,0,0,0,0,0.028035987
2682514,45,2,1,2,3475.75,715.0,1,0.5,0.0,0.5,0.0,1,0,1,0,1,0,0,0,0,0,0.028056031
2760972,53,1,1,3,3766.5,346.6667,1,1.0,0.0,0.0,0.0,1,0,0,0,1,0,0,0,0,0,0.02815182
2723113,58,7,1,3,5489.95,1131.0,1,0.14285715,0.0,0.14285715,0.0,1,0,0,0,1,0,0,0,0,0,0.028202
2687604,45,6,3,2,10478.4,914.0,1,0.5,0.0,0.6666667,0.0,0,0,1,0,0,0,0,0,1,0,0.028270021
2756423,32,1,1,2,5153.0,635.0,1,1.0,0.0,0.0,0.0,1,0,1,0,0,0,0,0,1,0,0.028278785
2708264,51,1,1,1,6441.5835,996.6667,1,1.0,0.0,0.0,0.0,1,1,0,0,0,0,0,0,1,0,0.028289605
2748342,43,5,1,1,21318.5,3210.0,1,0.2,0.0,0.6,0.0,1,1,0,0,0,0,0,0,1,180,0.028308323
2725503,57,2,1,1,76511.45,1906.6667,1,0.5,0.0,0.0,0.0,1,1,0,0,0,0,0,0,1,0,0.028483529
2779662,22,4,2,3,958.6666,173.3333,1,0.5,0.0,0.5,0.25,1,0,0,0,1,0,0,0,0,0,0.029584037
2767072,46,2,1,2,5193.5,680.0,1,0.5,0.0,0.5,0.0,1,0,1,0,0,0,0,0,1,0,0.029597858
2689334,82,2,0,3,2473.0,546.0,1,0.0,1.0,0.0,0.0,1,0,0,0,0,0,0,0,1,0,0.029643252
2664995,59,2,2,2,9027.167,1386.6667,1,1.0,0.0,0.0,0.0,1,0,1,0,0,0,0,0,1,0,0.029730858
2660555,54,1,0,4,2713.6667,606.6667,2,0.0,0.0,0.0,0.0,1,0,0,1,0,0,0,0,1,0,0.029890804
2806895,24,2,2,4,3439.6665,353.0,1,1.0,0.0,0.0,0.0,1,0,0,1,0,0,0,0,1,0,0.02991338
2725203,24,1,1,4,5582.4,1076.6667,3,1.0,0.0,0.0,0.0,1,0,0,1,0,0,0,0,1,80,0.030289786
2657435,31,4,2,4,9706.6,1105.0,1,0.5,0.0,0.5,0.0,1,0,0,1,0,0,0,0,1,0,0.030428581
2719543,79,1,0,1,7051.7,1300.0,1,0.0,1.0,0.0,0.0,1,1,0,0,0,0,0,0,1,1980,0.030499248
2751292,35,6,2,4,13779.0,2860.0,1,0.33333334,0.0,0.6666667,0.16666667,1,0,0,1,0,0,0,0,1,0,0.030569995
2660025,57,1,1,2,2988.5,390.0,1,1.0,0.0,0.0,0.0,1,0,1,0,0,0,0,0,1,1200,0.030902714
2757032,28,1,1,3,10978.25,780.0,1,1.0,0.0,0.0,0.0,1,0,0,0,0,0,0,0,1,0,0.031120995
2694984,64,2,1,1,8201.399,1114.0,1,0.5,0.0,0.0,0.0,1,1,0,0,0,0,0,0,1,0,0.031147147
2760382,78,2,0,4,5799.8,796.6667,1,0.0,0.5,0.0,0.0,1,0,0,1,0,0,0,0,0,0,0.031283446
2743863,44,2,2,3,3411.8335,629.6667,1,1.0,0.0,0.0,0.0,1,0,0,0,0,0,0,0,1,0,0.031392902
2759592,27,3,3,3,64445.133,2686.6667,1,1.0,0.0,0.0,0.0,1,0,0,0,1,0,0,0,0,0,0.03141533
2666405,48,3,1,3,5686.2,1933.3333,1,0.33333334,0.0,0.33333334,0.0,1,0,0,0,0,0,0,0,1,0,0.031422332
2722143,63,4,2,3,14178.5,1411.0,1,0.5,0.0,0.0,0.0,1,0,0,0,0,0,0,0,1,0,0.031470608
2699674,51,1,1,4,12924.833,953.3333,1,1.0,0.0,0.0,0.0,1,0,0,1,0,0,0,0,1,0,0.031552132
2677285,52,5,2,3,4040.75,931.6667,1,0.4,0.0,0.6,0.0,1,0,0,0,0,0,0,0,1,0,0.03164429
2691914,32,3,2,3,14465.167,1950.0,1,0.6666667,0.0,0.33333334,0.0,1,0,0,0,0,0,0,0,1,0,0.031754147
2712184,52,2,1,4,18108.143,866.6667,1,0.5,0.0,0.0,0.0,1,0,0,1,0,1,0,0,0,0,0.031979393
2680804,82,1,0,1,6596.7,715.0,1,0.0,1.0,0.0,0.0,1,1,0,0,0,0,0,0,1,0,0.032057535
2671105,47,1,0,2,693.6667,216.6667,1,0.0,0.0,0.0,0.0,1,0,1,0,0,0,0,0,1,0,0.032988247
2755882,45,1,1,2,2999.0,559.0,1,1.0,0.0,0.0,0.0,1,0,1,0,0,0,0,0,1,0,0.03305235
2667155,29,5,1,3,5735.3335,1386.6667,1,0.2,0.0,0.4,0.0,1,0,0,0,0,0,0,0,1,0,0.033118073
2748632,55,2,2,2,20529.68,2860.0,1,1.0,0.0,0.0,0.0,1,0,1,0,0,0,0,0,1,400,0.033526156
2702524,39,4,2,1,7932.993,778.3333,1,0.5,0.0,0.5,0.0,1,1,0,0,0,0,0,0,1,0,0.033939723
2734983,70,2,1,1,5337.6333,1473.3333,1,0.5,0.5,0.0,0.0,1,1,0,0,0,0,0,0,1,200,0.034172855
2656615,80,1,0,4,6973.7,611.0,1,0.0,1.0,0.0,0.0,1,0,0,1,0,0,0,0,1,0,0.034205418
2711874,56,1,1,2,2786.5,260.0,1,1.0,0.0,0.0,0.0,1,0,1,0,0,0,0,0,1,0,0.034382053
2709884,28,5,2,2,4571.4165,710.0,1,0.4,0.0,0.4,0.0,1,0,1,0,0,0,0,0,1,0,0.034414217
2726314,34,1,1,4,5421.6665,1716.0,3,1.0,0.0,0.0,0.0,1,0,0,1,0,0,0,0,1,0,0.034813177
2776012,73,4,3,2,3062.7832,884.6667,1,0.75,0.25,0.0,0.0,1,0,1,0,0,0,0,0,1,0,0.035215344
2719623,59,5,1,4,14199.18,1235.0,1,0.2,0.0,0.4,0.0,1,0,0,1,0,0,0,0,1,0,0.035443615
2771022,34,3,1,3,5719.85,1386.6667,1,0.33333334,0.0,0.33333334,0.33333334,1,0,0,0,0,0,0,0,1,0,0.03550495
2695244,59,3,3,3,8577.867,693.3333,1,1.0,0.0,0.0,0.0,1,0,0,0,1,0,0,0,0,0,0.03553551
2653915,36,4,2,3,9692.75,2600.0,1,0.5,0.0,0.5,0.0,1,0,0,0,1,0,0,0,0,0,0.03562882
2712064,87,1,0,1,1816.9,736.6667,1,0.0,1.0,0.0,0.0,1,1,0,0,0,0,0,0,1,0,0.035678275
2729443,61,5,2,1,8570.2,1923.3333,1,0.4,0.0,0.6,0.0,1,1,0,0,0,1,0,0,0,0,0.036036324
2654615,47,2,1,2,8896.55,1775.0,1,0.5,0.0,0.0,0.0,1,0,1,0,0,0,0,0,1,0,0.03627205
2765452,59,3,2,4,8046.3667,1610.0,1,0.6666667,0.0,0.0,0.0,1,0,0,1,0,0,0,0,1,0,0.036362372
2657955,39,4,1,1,28980.5,4183.0,1,0.25,0.0,0.5,0.0,1,1,0,0,0,0,0,0,1,0,0.036365516
2652855,35,3,0,1,6629.0,1885.0,1,0.0,0.0,0.6666667,0.33333334,1,1,0,0,0,0,0,0,1,0,0.03650615
2718523,42,1,1,3,10398.25,893.0,1,1.0,0.0,0.0,0.0,1,0,0,0,0,0,0,0,1,0,0.03652626
2760922,54,6,5,1,10368.6,2058.6667,1,0.8333333,0.0,0.0,0.0,1,1,0,0,1,0,0,0,0,2640,0.0366305
2780642,37,3,2,4,9022.119,1889.0,1,0.6666667,0.0,0.33333334,0.0,1,0,0,1,1,0,0,0,0,0,0.036850654
2698914,20,1,1,1,1905.0667,260.0,1,1.0,0.0,0.0,0.0,1,1,0,0,0,0,0,0,1,0,0.037166793
2778202,72,1,0,1,607.6667,272.0,1,0.0,1.0,0.0,0.0,1,1,0,0,0,0,0,0,1,0,0.037202805
2762462,34,1,1,3,4185.8335,583.3333,1,1.0,0.0,0.0,0.0,1,0,0,0,0,0,0,0,1,0,0.037319973
2772102,35,4,2,4,3440.9,454.3333,1,0.5,0.0,0.5,0.0,1,0,0,1,0,0,0,0,1,0,0.03732648
2765952,68,1,1,NA,4061.6333,398.6667,1,1.0,1.0,0.0,0.0,1,NA,NA,NA,0,0,0,0,1,0,0.037425794
2654315,58,2,1,3,12441.0,1484.0,1,0.5,0.0,0.0,0.0,1,0,0,0,1,0,0,0,0,0,0.037426863
2704674,50,1,0,1,890.0,195.0,1,0.0,0.0,0.0,0.0,1,1,0,0,1,0,0,0,0,0,0.037432194
2749962,31,4,2,2,8071.7,1950.0,1,0.5,0.0,0.5,0.25,1,0,1,0,0,0,0,0,1,0,0.037436098
2655765,54,2,2,3,27863.0,1560.0,1,1.0,0.0,0.0,0.0,1,0,0,0,0,0,0,0,1,5784,0.03760166
2716403,33,4,1,1,13159.5,2730.0,1,0.25,0.0,0.5,0.0,1,1,0,0,0,1,0,0,0,0,0.037703875
2755302,36,1,0,2,3231.2,455.0,1,0.0,0.0,0.0,0.0,1,0,1,0,0,0,0,0,1,0,0.03791657
2713084,34,2,2,1,7960.0835,1051.6667,1,1.0,0.0,0.0,0.0,1,1,0,0,0,0,0,0,1,0,0.0382523
2667875,57,1,1,2,4884.3335,650.0,1,1.0,0.0,0.0,0.0,1,0,1,0,0,0,0,0,1,0,0.03831191
2647115,63,7,3,3,8320.45,2275.0,1,0.42857143,0.0,0.2857143,0.0,1,0,0,0,0,0,0,0,1,0,0.038499925
2667475,66,4,3,1,9926.0,1820.0,1,0.75,0.5,0.0,0.0,1,1,0,0,0,0,0,0,1,0,0.0385921
2658825,23,3,0,3,3041.1333,1086.0,1,0.0,0.33333334,0.33333334,0.33333334,1,0,0,0,1,0,0,0,0,5904,0.038681157
2778772,50,4,3,2,5049.5835,695.0,1,0.75,0.0,0.25,0.0,1,0,1,0,0,0,0,0,1,0,0.038720854
2754082,25,6,0,3,4647.0,3250.0,1,0.0,0.0,0.8333333,0.0,1,0,0,0,0,0,0,0,1,0,0.038736835
2666835,38,1,1,3,5806.8335,1300.0,1,1.0,0.0,0.0,0.0,1,0,0,0,0,0,0,0,1,0,0.038919367
2757132,62,2,2,2,22459.0,3975.0,1,1.0,0.0,0.0,0.0,1,0,1,0,0,0,0,0,1,0,0.038969133
2734333,87,1,0,1,14455.467,121.3333,1,0.0,1.0,0.0,0.0,0,1,0,0,0,0,0,0,1,0,0.039085913
2676815,66,3,0,3,2315.0332,541.6667,1,0.0,0.6666667,0.0,0.0,1,0,0,0,0,0,0,0,1,0,0.03909705
2695554,47,2,2,1,17727.934,953.3333,1,1.0,0.0,0.0,0.0,1,1,0,0,0,0,0,0,1,0,0.039129246
2668985,61,2,0,3,3585.3333,1213.3333,1,0.0,0.5,0.0,0.0,1,0,0,0,0,0,0,0,0,0,0.039444722
2707284,66,2,1,1,3072.7334,368.3333,1,0.5,1.0,0.0,0.0,1,1,0,0,0,0,0,0,1,0,0.03954918
2653835,39,5,2,3,19158.5,5525.0,1,0.4,0.0,0.6,0.0,1,0,0,0,0,0,0,0,1,200,0.039752193
2715643,51,4,1,4,22040.2,2165.0,1,0.25,0.0,0.5,0.0,1,0,0,1,0,1,0,0,0,0,0.040182907
2649885,44,4,4,1,11564.459,650.0,1,1.0,0.0,0.0,0.0,1,1,0,0,0,0,0,0,1,0,0.04018579
2671485,72,1,0,3,1670.5667,60.6667,1,0.0,1.0,0.0,0.0,1,0,0,0,0,0,0,0,1,6312,0.040442396
2694044,48,6,1,4,5231.786,1386.6667,1,0.16666667,0.0,0.6666667,0.0,1,0,0,1,0,0,0,0,1,0,0.040459774
2714423,78,1,0,3,5676.7,1105.0,1,0.0,1.0,0.0,0.0,1,0,0,0,1,0,0,0,0,0,0.04055258
2649635,71,4,0,3,15253.1,3610.0,1,0.0,0.5,0.0,0.0,1,0,0,0,1,0,0,0,0,0,0.04057508
2787784,59,4,0,4,8760.0,2730.0,1,0.0,0.0,0.25,0.0,1,0,0,1,0,0,0,0,1,0,0.041190043
2655375,40,6,1,2,10845.8,1661.0,1,0.16666667,0.0,0.6666667,0.0,0,0,1,0,0,0,0,0,1,0,0.041208576
2692804,29,3,2,1,13407.333,1837.3333,1,0.6666667,0.0,0.33333334,0.33333334,1,1,0,0,0,0,0,0,1,0,0.041213777
2666595,58,4,3,2,16432.12,3746.6667,1,0.75,0.0,0.5,0.0,1,0,1,0,0,0,0,0,1,0,0.041240394
2687034,31,4,2,1,16018.25,1820.0,1,0.5,0.0,0.5,0.25,1,1,0,0,0,0,0,0,1,4800,0.041532032
2757422,87,1,0,4,2941.2,715.0,1,0.0,1.0,0.0,0.0,1,0,0,1,0,0,0,0,1,0,0.041536704
2669815,37,3,2,4,7248.467,736.6667,1,0.6666667,0.0,0.33333334,0.0,1,0,0,1,0,0,0,0,1,360,0.041789904
2656995,55,3,2,3,14921.6,1820.0,1,0.6666667,0.0,0.0,0.0,1,0,0,0,1,0,0,0,0,0,0.04179467
2710794,54,2,2,2,3898.6167,108.3333,1,1.0,0.0,0.0,0.0,0,0,1,0,0,0,0,0,1,0,0.04183292
2762482,26,3,2,4,6015.6665,996.6667,1,0.6666667,0.0,0.33333334,0.33333334,1,0,0,1,0,0,0,0,1,1500,0.041882917
2744993,26,1,1,1,3075.3335,823.3333,3,1.0,0.0,0.0,0.0,1,1,0,0,0,0,0,0,1,0,0.042179953
2652465,60,1,1,2,12809.7,1170.0,1,1.0,0.0,0.0,0.0,1,0,1,0,1,0,0,0,0,0,0.042229407
2714813,36,2,1,3,17449.8,1045.0,1,0.5,0.0,0.5,0.0,1,0,0,0,1,0,0,0,0,0,0.04228973
2751912,49,2,2,2,21166.5,1181.0,1,1.0,0.0,0.0,0.0,1,0,1,0,0,0,0,0,1,0,0.042307343
2692264,75,2,1,4,12205.386,3293.3333,1,0.5,1.0,0.0,0.0,1,0,0,1,0,0,0,0,1,0,0.04231691
2764512,64,3,0,3,29390.334,2383.3333,1,0.0,0.0,0.33333334,0.0,1,0,0,0,0,0,0,0,1,0,0.042331833
2738463,42,6,4,4,8189.6167,2101.6667,1,0.6666667,0.0,0.33333334,0.0,1,0,0,1,0,0,0,1,0,189,0.04236364
2673835,73,1,0,3,6402.9,541.6667,1,0.0,1.0,0.0,0.0,1,0,0,0,0,0,0,0,1,0,0.042434983
2665785,37,4,2,4,12862.5,3120.0,1,0.5,0.0,0.5,0.0,1,0,0,1,0,0,0,0,1,0,0.04273039
2751032,53,4,1,1,10234.25,3120.0,1,0.25,0.0,0.0,0.0,1,1,0,0,0,0,0,0,1,0,0.042929195
2691344,72,4,2,3,4963.7,1902.6667,1,0.5,0.25,0.25,0.0,1,0,0,0,1,0,0,0,0,0,0.042996373
2684074,47,1,1,4,9042.75,1405.0,1,1.0,0.0,0.0,0.0,1,0,0,1,0,0,0,0,1,0,0.043105226
2707394,46,3,1,2,6272.3335,1193.3333,1,0.33333334,0.0,0.6666667,0.0,1,0,1,0,0,0,0,0,1,0,0.0431064
2666005,53,1,1,4,11310.333,655.3333,1,1.0,0.0,0.0,0.0,1,0,0,1,0,0,0,0,1,0,0.04360563
2723883,30,3,3,3,4672.9,520.0,1,1.0,0.0,0.0,0.0,1,0,0,0,1,0,0,0,0,0,0.04362138
2787334,30,1,1,4,5851.5,975.0,1,1.0,0.0,0.0,0.0,1,0,0,1,0,0,0,0,0,0,0.04378623
2770102,87,5,2,1,3872.05,996.6667,1,0.4,0.4,0.0,0.0,1,1,0,0,0,0,0,0,1,0,0.044359315
2674295,61,1,0,4,2690.6667,628.3333,1,0.0,0.0,0.0,0.0,1,0,0,1,0,0,0,0,1,0,0.044378787
2662505,54,3,1,2,2498.5,476.6667,1,0.33333334,0.0,0.0,0.0,1,0,1,0,1,0,0,0,0,0,0.04447991
2730673,40,1,1,3,3490.3333,86.6667,1,1.0,0.0,0.0,0.0,1,0,0,0,0,0,0,0,1,0,0.044727463
2722343,77,1,0,2,4178.7,650.0,1,0.0,1.0,0.0,0.0,1,0,1,0,0,0,0,0,1,0,0.044734996
2667285,28,3,3,4,12308.367,1560.0,1,1.0,0.0,0.0,0.0,1,0,0,1,0,0,0,0,1,0,0.044910025
2675495,60,2,1,3,3109.9333,866.6667,1,0.5,0.0,0.0,0.0,1,0,0,0,0,0,0,0,1,0,0.045176674
2702074,79,3,2,1,21519.754,1473.3333,1,0.6666667,0.33333334,0.0,0.0,1,1,0,0,0,0,0,0,1,0,0.045182124
2726523,41,4,2,1,19573.467,650.0,1,0.5,0.0,0.25,0.0,1,1,0,0,0,0,0,0,1,0,0.045356717
2756332,31,4,2,3,6914.25,1820.0,1,0.5,0.0,0.5,0.25,1,0,0,0,0,0,0,0,1,0,0.045489285
2766392,29,1,1,2,3974.9001,982.0,1,1.0,0.0,0.0,0.0,0,0,1,0,0,0,0,0,1,0,0.045828886
2755972,60,2,2,1,29036.75,2665.0,1,1.0,0.0,0.0,0.0,1,1,0,0,0,0,0,0,1,15,0.045912124
2662105,32,3,1,4,5473.1665,433.3333,1,0.33333334,0.0,0.33333334,0.0,1,0,0,1,0,0,0,0,0,0,0.046110872
2677955,87,2,0,1,5136.467,366.6667,1,0.0,1.0,0.0,0.0,1,1,0,0,0,0,0,0,1,0,0.046205003
2651045,87,2,0,2,3634.4,390.0,1,0.0,1.0,0.0,0.0,1,0,1,0,0,0,0,0,1,0,0.04644444
2774042,75,1,0,1,608.6667,164.6667,1,0.0,1.0,0.0,0.0,1,1,0,0,0,0,0,0,1,0,0.046596598
2756182,59,6,3,1,25897.9,2022.0,1,0.5,0.0,0.5,0.0,1,1,0,0,0,0,0,0,1,0,0.046694014
2760102,73,2,0,4,8803.934,2509.0,1,0.0,1.0,0.0,0.0,1,0,0,1,0,0,1,0,0,0,0.04679439
2752162,55,1,1,3,20972.0,931.0,1,1.0,0.0,0.0,0.0,1,0,0,0,1,0,0,0,0,0,0.04716012
2648215,77,1,1,2,3482.8499,390.0,1,1.0,1.0,0.0,0.0,0,0,1,0,0,0,0,0,1,0,0.047412526
2767752,63,3,2,4,3973.8335,936.0,1,0.6666667,0.0,0.0,0.0,1,0,0,1,0,0,0,0,1,0,0.047435135
2717043,24,3,2,4,12076.75,1690.0,1,0.6666667,0.0,0.33333334,0.33333334,1,0,0,1,0,0,0,0,1,5892,0.047621597
2696744,33,5,2,1,7818.7,1646.6667,1,0.4,0.0,0.6,0.0,1,1,0,0,0,0,0,0,0,0,0.04799664
2706914,22,1,1,3,2318.5,325.0,1,1.0,0.0,0.0,0.0,1,0,0,0,0,0,0,0,1,2400,0.048027683
2678315,18,1,0,4,834.6667,151.6667,2,0.0,0.0,0.0,0.0,1,0,0,1,0,0,0,0,1,720,0.048412595
2757192,24,4,2,4,13226.5,2340.0,1,0.5,0.0,0.5,0.0,1,0,0,1,0,0,0,0,1,0,0.048697416
2705094,42,5,2,4,10897.227,1830.6667,1,0.4,0.0,0.6,0.0,1,0,0,1,0,0,0,0,1,0,0.04887378
2682164,48,6,5,4,12381.6,1950.0,1,0.8333333,0.0,0.16666667,0.0,1,0,0,1,0,0,0,0,1,0,0.049529
2764782,74,3,1,3,3642.8,476.6667,1,0.33333334,0.33333334,0.0,0.0,0,0,0,0,0,0,0,0,1,2400,0.049534414
2725673,61,2,2,3,3059.6665,1040.0,1,1.0,0.0,0.0,0.0,0,0,0,0,0,0,0,0,1,0,0.04966009
2672215,32,3,2,2,2611.3167,585.0,1,0.6666667,0.0,0.33333334,0.33333334,1,0,1,0,0,0,0,0,1,0,0.050002612
2684194,32,5,1,3,7128.0,1625.0,1,0.2,0.0,0.6,0.0,1,0,0,0,1,0,0,0,0,0,0.05006761
2764642,71,3,0,1,2750.8,1083.3333,1,0.0,0.33333334,0.0,0.0,1,1,0,0,0,0,0,0,1,0,0.050128356
2697044,75,2,0,1,8564.6,2090.0,1,0.0,1.0,0.0,0.0,1,1,0,0,0,0,0,0,1,0,0.050215013
2682724,44,3,1,2,7810.5,1200.0,1,0.33333334,0.0,0.6666667,0.0,0,0,1,0,0,0,0,0,1,0,0.050289907
2736583,87,2,0,4,7402.8,845.0,1,0.0,1.0,0.0,0.0,1,0,0,1,0,1,0,0,0,0,0.05032013
2714803,67,2,2,3,7372.7,819.0,1,1.0,1.0,0.0,0.0,0,0,0,0,0,0,0,0,1,0,0.05035495
2709194,51,6,5,1,3564.45,1029.3333,1,0.8333333,0.0,0.16666667,0.16666667,1,1,0,0,0,0,0,0,1,0,0.050510183
2730123,87,3,0,2,3895.9333,1040.0,1,0.0,0.6666667,0.0,0.0,1,0,1,0,0,0,0,0,1,0,0.05062881
2709804,63,3,2,3,3941.9666,1083.3333,1,0.6666667,0.33333334,0.0,0.0,0,0,0,0,0,0,0,0,1,0,0.050943807
2731603,60,4,4,3,21724.5,4073.3333,1,1.0,0.0,0.0,0.0,1,0,0,0,0,0,0,0,1,0,0.051240493
2736973,75,1,0,3,1707.2333,1018.3333,1,0.0,1.0,0.0,0.0,0,0,0,0,0,0,0,0,1,0,0.051450893
2749112,87,1,0,1,9643.7,260.0,1,0.0,1.0,0.0,0.0,1,1,0,0,0,0,0,0,1,0,0.051491205
2769592,24,3,2,2,3184.2334,216.6667,1,0.6666667,0.0,0.33333334,0.0,1,0,1,0,0,0,0,0,1,0,0.051581148
2667825,38,2,2,2,15224.167,1601.3333,1,1.0,0.0,0.0,0.0,1,0,1,0,0,0,0,0,1,0,0.05180977
2723003,43,2,1,1,13823.25,879.0,1,0.5,0.0,0.5,0.0,1,1,0,0,0,0,0,0,1,0,0.051948074
2746723,55,2,2,1,3772.9165,693.3333,1,1.0,0.0,0.0,0.0,1,1,0,0,0,0,0,0,1,0,0.05199705
2735343,51,1,1,3,3247.5,458.3333,1,1.0,0.0,0.0,0.0,1,0,0,0,1,0,0,0,0,0,0.05214012
2688054,76,1,0,3,8794.7,1170.0,1,0.0,1.0,0.0,0.0,1,0,0,0,0,0,0,0,1,0,0.05217721
2695574,40,5,3,2,8054.8335,2166.6667,1,0.6,0.0,0.6,0.0,1,0,1,0,0,0,0,0,1,0,0.052306324
2711274,34,5,1,3,3495.3333,780.0,1,0.2,0.0,0.6,0.0,1,0,0,0,0,0,0,0,1,5352,0.052384954
2721183,65,2,1,4,12316.7,2615.0,1,0.5,1.0,0.0,0.0,1,0,0,1,0,0,0,0,1,0,0.05252045
2730633,43,3,1,1,21657.453,2712.0,1,0.33333334,0.0,0.33333334,0.0,1,1,0,0,0,0,0,0,1,0,0.05252492
2741553,49,4,2,3,3384.8335,820.6667,1,0.5,0.0,0.25,0.0,1,0,0,0,0,0,0,0,1,0,0.052537262
2686944,27,2,2,1,9194.5,1105.0,1,1.0,0.0,0.0,0.0,1,1,0,0,0,0,0,0,1,0,0.05254501
2710554,21,1,1,4,1323.8333,260.0,2,1.0,0.0,0.0,0.0,1,0,0,1,0,0,0,0,1,0,0.052633725
2780682,50,4,2,1,1815.8333,327.3333,1,0.5,0.0,0.75,0.0,1,1,0,0,1,0,0,0,0,0,0.05274867
2762142,67,2,0,3,6863.8,1690.0,1,0.0,0.5,0.0,0.0,1,0,0,0,0,0,0,0,1,0,0.052768115
2698924,25,1,1,3,5214.1665,953.3333,4,1.0,0.0,0.0,0.0,1,0,0,0,0,0,0,0,1,0,0.0529447
2756072,27,1,1,2,5482.0,826.0,2,1.0,0.0,0.0,0.0,1,0,1,0,0,0,0,0,1,0,0.05296051
2776622,64,1,0,3,1176.3333,281.6667,1,0.0,0.0,0.0,0.0,1,0,0,0,0,0,0,0,1,0,0.05351059
2744863,63,4,2,4,1310.9667,606.6667,1,0.5,0.0,0.0,0.0,1,0,0,1,0,1,0,0,0,0,0.05365551
2666925,32,5,0,4,4550.4,953.3333,1,0.0,0.0,0.6,0.0,1,0,0,1,0,0,0,0,1,0,0.053773884
2710634,41,2,2,NA,4213.217,130.0,1,1.0,0.0,0.0,0.0,1,NA,NA,NA,0,0,0,0,1,0,0.053865355
2654205,49,4,1,2,10126.45,1943.0,1,0.25,0.0,0.5,0.0,1,0,1,0,1,0,0,0,0,0,0.05398011
2756942,67,1,0,2,22326.7,936.0,1,0.0,1.0,0.0,0.0,1,0,1,0,0,0,0,0,1,0,0.054136664
2780522,52,3,2,3,4790.1665,1170.0,1,0.6666667,0.0,0.0,0.0,1,0,0,0,0,0,0,0,1,0,0.0542536
2723333,32,2,2,1,20714.75,2230.0,1,1.0,0.0,0.0,0.0,1,1,0,0,0,0,0,0,1,648,0.05447417
2745723,39,1,1,1,4968.0,390.0,1,1.0,0.0,0.0,0.0,1,1,0,0,1,0,0,0,0,280,0.05448217
2668955,62,3,1,3,2234.9666,780.0,1,0.33333334,0.0,0.0,0.0,1,0,0,0,1,0,0,0,0,6720,0.054590292
2664935,36,4,2,4,5616.433,693.3333,1,0.5,0.0,0.5,0.0,1,0,0,1,0,0,0,0,1,0,0.05470191
2778145,56,2,2,1,3662.6667,511.6667,1,1.0,0.0,0.0,0.0,1,1,0,0,0,0,0,0,1,2600,0.05487668
2738873,63,2,0,3,610.3333,212.3333,1,0.0,0.5,0.0,0.0,1,0,0,0,0,0,0,0,1,0,0.055009745
2732403,62,1,1,3,6070.3,996.6667,1,1.0,0.0,0.0,0.0,1,0,0,0,0,0,0,0,1,4550,0.055096827
2730973,21,1,1,1,2522.3333,563.3333,2,1.0,0.0,0.0,0.0,1,1,0,0,0,0,0,0,1,0,0.05533722
2690974,67,2,2,2,11813.95,1272.0,1,1.0,0.5,0.0,0.0,1,0,1,0,0,0,0,0,1,0,0.05574247
2728343,87,1,0,3,3449.1333,1023.3333,1,0.0,1.0,0.0,0.0,1,0,0,0,0,0,0,0,1,0,0.055763423
2689594,65,1,0,4,4383.7,650.0,1,0.0,1.0,0.0,0.0,1,0,0,1,0,0,0,0,1,0,0.055875454
2742093,58,2,1,3,3207.3,931.6667,1,0.5,0.0,0.0,0.0,1,0,0,0,0,0,0,0,1,0,0.05596322
2670815,49,3,2,2,8195.167,980.0,1,0.6666667,0.0,0.33333334,0.0,1,0,1,0,0,0,0,0,1,0,0.056212485
2721593,53,3,0,3,5037.0,2415.0,1,0.0,0.0,0.33333334,0.33333334,1,0,0,0,1,0,0,0,0,0,0.056427337
2720113,34,2,1,2,13853.25,1950.0,1,0.5,0.0,0.5,0.0,1,0,1,0,1,0,0,0,0,0,0.056682874
2648455,42,3,3,3,143000.92,3950.0,1,1.0,0.0,0.0,0.0,1,0,0,0,0,0,0,0,1,0,0.056946367
2745363,19,1,1,2,734.55,0.0,3,1.0,0.0,0.0,0.0,1,0,1,0,0,1,0,0,0,0,0.057130907
2745973,69,2,0,3,2251.6333,476.6667,1,0.0,1.0,0.0,0.0,1,0,0,0,0,0,0,0,1,0,0.0571796
2657835,52,2,2,1,6378.25,1755.0,1,1.0,0.0,0.0,0.0,1,1,0,0,0,0,0,0,1,0,0.05724376
2671405,58,2,2,3,1709.2667,216.6667,1,1.0,0.0,0.0,0.0,1,0,0,0,0,0,0,0,1,0,0.057248797
2751633,23,1,0,4,14760.0,1550.0,2,0.0,0.0,0.0,0.0,1,0,0,1,0,1,0,0,0,5760,0.057334773
2726743,36,4,1,3,4380.3335,1300.0,1,0.25,0.25,0.25,0.0,1,0,0,0,0,0,0,0,1,0,0.057405636
2749142,43,4,2,2,8739.8,1755.0,1,0.5,0.0,0.5,0.25,1,0,1,0,0,0,0,0,1,0,0.057483632
2759952,43,5,3,1,70227.98,2093.3333,1,0.6,0.2,0.4,0.2,1,1,0,0,0,1,0,0,0,0,0.057516597
2690544,63,2,1,NA,12246.25,2180.0,1,0.5,0.0,0.0,0.0,1,NA,NA,NA,0,0,0,0,1,0,0.057712015
2703024,41,4,2,1,13142.217,940.0,1,0.5,0.0,0.5,0.0,1,1,0,0,0,0,0,0,1,0,0.058143824
2700194,42,6,5,3,16621.166,2672.0,1,0.8333333,0.0,0.16666667,0.0,1,0,0,0,0,0,0,0,1,0,0.058154214
2700924,29,1,1,3,8712.833,693.3333,1,1.0,0.0,0.0,0.0,1,0,0,0,1,0,0,0,0,0,0.058184814
2657695,27,1,1,4,5917.25,990.0,1,1.0,0.0,0.0,0.0,1,0,0,1,0,1,0,0,0,0,0.058264207
2719143,77,2,0,2,7140.4,1340.0,1,0.0,1.0,0.0,0.0,0,0,1,0,0,0,0,0,1,0,0.058265597
2674585,58,1,1,3,2156.05,290.3333,1,1.0,0.0,0.0,0.0,1,0,0,0,0,0,0,0,1,0,0.058281384
2749242,72,2,0,3,11773.4,2103.0,1,0.0,1.0,0.0,0.0,1,0,0,0,0,0,0,0,1,0,0.058397446
2667835,68,1,1,4,7364.3,1256.6667,1,1.0,1.0,0.0,0.0,1,0,0,1,0,0,0,0,1,0,0.058507953
2697374,27,3,1,2,10481.333,866.6667,1,0.33333334,0.0,0.33333334,0.33333334,1,0,1,0,0,0,0,0,1,0,0.058535792
2780662,54,4,2,1,10372.917,1267.6667,1,0.5,0.0,0.5,0.0,1,1,0,0,0,0,0,0,1,0,0.058574762
2732323,69,2,0,2,5235.467,826.6667,1,0.0,1.0,0.0,0.0,1,0,1,0,0,0,0,0,1,0,0.058725588
2713493,23,2,2,4,3053.5,520.0,1,1.0,0.0,0.0,0.0,1,0,0,1,0,0,0,0,1,0,0.05899893
2664415,46,4,2,3,6252.5,1083.3333,1,0.5,0.0,0.5,0.0,1,0,0,0,0,0,0,0,1,1956,0.059255067
2771442,29,2,2,3,1738.5834,476.6667,1,1.0,0.0,0.0,0.0,1,0,0,0,0,0,0,0,1,0,0.059423555
2673235,41,5,1,4,10196.833,953.3333,1,0.2,0.0,0.6,0.2,1,0,0,1,0,1,0,0,0,0,0.059493057
2769992,53,6,2,3,8516.917,1416.6667,1,0.33333334,0.0,0.6666667,0.0,1,0,0,0,0,0,0,0,1,0,0.059884727
2666065,70,1,0,1,2059.1333,457.3333,1,0.0,1.0,0.0,0.0,1,1,0,0,0,0,0,0,1,0,0.059963703
2764472,25,5,2,3,4809.6,1040.0,1,0.4,0.0,0.4,0.0,1,0,0,0,0,0,0,0,1,0,0.060371183
2773692,59,1,0,3,2629.0,706.3333,1,0.0,0.0,0.0,0.0,0,0,0,0,0,0,0,0,1,0,0.06048596
2647635,33,1,1,2,9280.55,1170.0,1,1.0,0.0,0.0,0.0,1,0,1,0,0,0,0,0,1,0,0.060536332
2769482,71,2,0,1,5162.8,520.0,1,0.0,0.5,0.5,0.0,1,1,0,0,1,0,0,0,0,0,0.060872585
2679595,62,1,1,3,21249.184,507.0,1,1.0,0.0,0.0,0.0,1,0,0,0,0,0,0,0,1,0,0.061089758
2660615,40,2,2,3,6199.2666,693.3333,1,1.0,0.0,0.0,0.0,1,0,0,0,1,0,0,0,0,0,0.06114042
2722673,44,6,3,4,75989.25,2555.0,1,0.5,0.0,0.5,0.0,1,0,0,1,0,0,0,0,0,0,0.061178878
2738563,63,2,1,4,6548.0,345.0,1,0.5,0.0,0.0,0.0,1,0,0,1,0,0,0,0,1,0,0.061412856
2711924,42,1,0,1,2158.9,356.0,1,0.0,0.0,0.0,0.0,1,1,0,0,1,0,0,0,0,0,0.06144257
2712504,52,3,2,4,4647.65,1170.0,1,0.6666667,0.0,0.33333334,0.0,1,0,0,1,0,1,0,0,0,0,0.06151078
2764262,23,3,3,2,4881.6665,866.6667,1,1.0,0.0,0.0,0.0,1,0,1,0,1,0,0,0,0,0,0.061592184
2745703,78,2,0,4,1059.9,260.0,1,0.0,1.0,0.0,0.0,1,0,0,1,0,1,0,0,0,0,0.061789114
2681774,52,2,2,4,2659.0498,260.0,1,1.0,0.5,0.0,0.0,1,0,0,1,0,0,0,0,1,0,0.06195089
2726793,29,1,1,4,2493.1665,606.6667,1,1.0,0.0,0.0,0.0,1,0,0,1,0,0,0,0,1,0,0.06223886
2759912,57,1,0,3,2038.8,780.0,1,0.0,0.0,0.0,0.0,0,0,0,0,0,0,0,0,1,0,0.06225
2713224,32,1,1,3,1441.6333,409.6667,1,1.0,0.0,0.0,0.0,1,0,0,0,0,0,1,0,0,0,0.06241037
2792494,36,4,1,3,3424.4668,823.3333,1,0.25,0.0,0.75,0.0,1,0,0,0,0,0,0,0,1,0,0.06250285
2744623,63,1,1,1,811.5833,43.3333,1,1.0,0.0,0.0,0.0,0,1,0,0,0,0,0,0,1,0,0.06312245
2716953,37,2,1,3,15949.75,3315.0,1,0.5,0.0,0.5,0.5,1,0,0,0,0,0,0,0,1,520,0.06337595
2679785,34,2,1,3,5027.717,758.3333,1,0.5,0.0,0.5,0.0,1,0,0,0,0,0,0,0,1,0,0.06338452
2659715,55,4,3,2,12564.833,1690.0,1,0.75,0.0,0.0,0.0,1,0,1,0,0,0,0,0,1,0,0.063517414
2799422,29,1,1,4,3747.0,1040.0,2,1.0,0.0,0.0,0.0,1,0,0,1,0,0,0,0,1,0,0.063790604
2706744,62,2,2,4,7042.75,758.3333,1,1.0,0.5,0.0,0.0,1,0,0,1,0,0,0,0,1,0,0.0641469
2710454,46,4,4,1,3959.4668,903.3333,1,1.0,0.0,0.0,0.0,1,1,0,0,0,0,0,0,1,0,0.064296186
2649775,39,4,2,3,12274.0,1295.0,1,0.5,0.0,0.5,0.0,1,0,0,0,0,0,0,0,1,0,0.06429887
2666425,55,1,0,4,2440.3333,303.3333,1,0.0,0.0,0.0,0.0,1,0,0,1,0,0,0,0,1,0,0.06486635
2780882,25,4,1,3,3316.85,650.0,1,0.25,0.0,0.5,0.0,1,0,0,0,0,0,0,0,1,0,0.06486975
2760782,36,1,1,3,6357.6665,374.6667,1,1.0,0.0,0.0,0.0,1,0,0,0,0,0,0,0,1,0,0.06489927
2660815,45,7,1,4,5476.3,2383.3333,1,0.14285715,0.14285715,0.2857143,0.0,1,0,0,1,0,0,0,0,1,0,0.06492395
2765662,56,2,2,1,7018.067,996.6667,1,1.0,0.0,0.0,0.0,1,1,0,0,0,0,0,0,1,0,0.064997785
2694764,52,1,1,1,4077.0999,346.6667,1,1.0,0.0,0.0,0.0,1,1,0,0,0,0,0,0,1,0,0.065208
2710204,82,1,0,3,3387.4,377.0,1,0.0,1.0,0.0,0.0,0,0,0,0,0,0,0,0,1,0,0.06524931
2698094,63,2,1,2,6090.8003,1170.0,1,0.5,0.0,0.0,0.0,1,0,1,0,0,0,0,0,1,0,0.06526345
2796712,39,3,1,4,17338.12,2050.0,1,0.33333334,0.0,0.6666667,0.0,1,0,0,1,0,0,0,0,1,0,0.06532646
2722993,43,7,1,4,12926.1,1690.0,1,0.14285715,0.2857143,0.42857143,0.0,1,0,0,1,0,1,0,0,0,0,0.065327555
2654775,35,1,0,1,2889.0,819.0,1,0.0,0.0,0.0,0.0,1,1,0,0,0,0,0,0,1,0,0.06554467
2656725,63,2,2,2,52118.75,1820.0,1,1.0,0.0,0.0,0.0,1,0,1,0,0,0,0,0,1,0,0.06587085
2749042,73,2,0,2,5357.9,1775.0,1,0.0,1.0,0.0,0.0,1,0,1,0,0,0,0,0,1,0,0.06643169
2671545,54,3,1,4,3528.65,671.6667,1,0.33333334,0.33333334,0.0,0.0,1,0,0,1,0,0,0,0,1,0,0.066446684
2714673,38,4,1,4,67244.75,2210.0,1,0.25,0.0,0.5,0.0,1,0,0,1,0,0,0,0,1,0,0.06679666
2726153,54,8,4,4,6433.8,684.6667,1,0.5,0.0,0.25,0.0,1,0,0,1,0,1,0,0,0,4500,0.06728541
2736883,29,1,1,2,2250.1665,433.3333,1,1.0,0.0,0.0,0.0,1,0,1,0,0,0,0,0,1,0,0.06736404
2728793,33,3,2,3,18189.5,1468.3333,1,0.6666667,0.0,0.33333334,0.0,1,0,0,0,0,0,0,0,1,0,0.0673907
2754452,45,2,0,1,2374.0,1105.0,1,0.0,0.0,0.5,0.0,1,1,0,0,1,0,0,0,0,2048,0.06797376
2696024,53,3,3,2,6617.2666,891.6667,1,1.0,0.0,0.0,0.0,1,0,1,0,0,0,0,0,1,0,0.06810953
2769242,35,9,1,2,6339.5,1126.6667,1,0.11111111,0.0,0.7777778,0.11111111,0,0,1,0,0,0,0,0,1,0,0.068127304
2728193,23,3,1,3,4555.5,1300.0,1,0.33333334,0.0,0.33333334,0.0,1,0,0,0,0,0,0,0,1,0,0.068173684
2764802,81,1,0,3,1237.6667,433.3333,1,0.0,1.0,0.0,0.0,1,0,0,0,0,0,0,0,1,1152,0.06826956
2759932,43,1,1,3,1618.0,303.3333,1,1.0,0.0,0.0,0.0,1,0,0,0,1,0,0,0,0,0,0.06829107
2774962,17,6,2,4,3993.3333,823.3333,1,0.33333334,0.0,0.33333334,0.0,1,0,0,1,0,0,0,0,1,0,0.068386875
2732083,41,2,2,2,7453.3335,1560.0,1,1.0,0.0,0.0,0.0,1,0,1,0,0,0,0,0,1,0,0.06844145
2652955,36,3,1,2,5529.75,1911.0,1,0.33333334,0.0,0.33333334,0.0,1,0,1,0,1,0,0,0,0,0,0.0685128
2690434,42,6,2,1,8258.9,1755.0,1,0.33333334,0.0,0.5,0.16666667,1,1,0,0,0,0,0,0,1,0,0.06895917
2774332,67,2,2,3,2295.4834,390.0,1,1.0,0.5,0.0,0.0,1,0,0,0,0,0,0,0,1,0,0.068962716
2724943,33,1,0,3,3510.1333,424.6667,1,0.0,0.0,0.0,0.0,1,0,0,0,1,0,0,0,0,0,0.06918889
2722123,39,2,2,2,9135.0,1950.0,1,1.0,0.0,0.5,0.0,1,0,1,0,0,0,0,0,1,0,0.069210365
2755792,36,3,2,3,4923.45,741.0,1,0.6666667,0.0,0.33333334,0.33333334,1,0,0,0,0,0,0,0,1,0,0.0692212
2661185,35,6,0,3,3994.6667,2816.6667,1,0.0,0.0,0.8333333,0.0,1,0,0,0,1,0,0,0,0,0,0.06923367
2694404,65,2,2,1,14011.133,1993.3333,1,1.0,0.5,0.0,0.0,1,1,0,0,0,0,0,0,1,0,0.06933628
2663025,30,3,1,1,5943.5,1361.6667,1,0.33333334,0.0,0.6666667,0.0,1,1,0,0,0,0,0,0,1,0,0.06933802
2715813,27,2,2,4,19079.5,1370.0,1,1.0,0.0,0.0,0.0,1,0,0,1,0,0,0,0,1,1560,0.06949332
2678185,48,2,1,4,2786.75,498.3333,1,0.5,0.0,0.0,0.0,1,0,0,1,0,0,0,0,1,0,0.06971089
2777702,39,1,1,2,3391.6667,520.0,1,1.0,0.0,0.0,0.0,1,0,1,0,0,0,0,0,1,0,0.0697904
2673155,53,5,2,4,2359.6667,693.3333,1,0.4,0.0,0.2,0.0,1,0,0,1,0,0,0,0,1,0,0.06980316
2647975,34,5,2,3,4200.95,520.0,1,0.4,0.0,0.6,0.0,1,0,0,0,0,0,0,0,1,0,0.07013465
2779292,68,2,0,2,4449.8,573.3333,1,0.0,1.0,0.0,0.0,1,0,1,0,0,0,0,0,1,0,0.070322126
2695044,69,3,2,2,4108.6333,433.3333,1,0.6666667,0.6666667,0.0,0.0,1,0,1,0,0,0,0,0,1,0,0.070450276
2669135,77,1,0,2,932.9,195.0,1,0.0,1.0,0.0,0.0,1,0,1,0,0,0,0,0,1,0,0.07086587
2752542,65,2,0,1,18833.4,3900.0,1,0.0,1.0,0.0,0.0,1,1,0,0,0,0,0,0,1,0,0.071223356
2713444,36,2,2,4,3006.75,823.3333,1,1.0,0.0,0.0,0.0,1,0,0,1,0,0,0,0,1,0,0.07139934
2701514,35,6,2,3,8516.633,1213.3333,1,0.33333334,0.0,0.6666667,0.16666667,1,0,0,0,1,0,0,0,0,0,0.07149008
2713843,70,2,0,3,17233.9,3250.0,1,0.0,1.0,0.0,0.0,1,0,0,0,0,0,0,0,1,420,0.07181049
2669905,57,2,2,2,3401.9165,606.6667,1,1.0,0.0,0.0,0.0,1,0,1,0,0,0,0,0,1,0,0.071938105
2733783,77,2,0,3,2940.6,1170.0,1,0.0,1.0,0.0,0.0,1,0,0,0,1,0,0,0,0,0,0.072005786
2729223,47,3,1,3,14947.667,1906.6667,1,0.33333334,0.0,0.33333334,0.0,1,0,0,0,0,0,0,0,1,2502,0.07204246
2736685,25,2,2,4,2692.4165,411.6667,1,1.0,0.0,0.0,0.0,1,0,0,1,0,0,0,0,1,0,0.07209319
2754912,45,4,1,4,33265.75,3073.0,1,0.25,0.0,0.5,0.0,1,0,0,1,0,1,0,0,0,0,0.0722586
2744013,75,4,1,3,2924.3667,780.0,1,0.25,0.5,0.25,0.0,1,0,0,0,0,0,0,0,1,0,0.072305895
2731733,30,6,2,4,3623.0,1192.0,1,0.33333334,0.16666667,0.5,0.16666667,1,0,0,1,0,0,0,0,0,0,0.07232164
2735633,36,2,1,4,3998.3333,849.3333,1,0.5,0.0,0.5,0.0,1,0,0,1,0,0,0,0,0,0,0.07256006
2776172,50,4,1,2,9204.394,2670.3333,1,0.25,0.0,0.5,0.0,1,0,1,0,0,0,0,0,1,0,0.072751686
2724403,50,3,0,3,2755.5,975.0,1,0.0,0.0,0.33333334,0.0,1,0,0,0,0,0,0,0,1,0,0.07317942
2712494,37,5,2,3,4429.6665,1473.3333,1,0.4,0.0,0.6,0.0,1,0,0,0,0,0,0,0,1,1800,0.073201254
2717563,49,2,0,4,4101.0,1040.0,1,0.0,0.0,0.0,0.0,1,0,0,1,0,0,0,0,1,0,0.0732075
2750602,65,3,1,3,8095.85,1235.0,1,0.33333334,0.33333334,0.0,0.0,1,0,0,0,0,0,0,0,1,0,0.07340616
2667525,70,4,4,4,14892.253,3250.0,1,1.0,0.25,0.0,0.0,1,0,0,1,0,0,0,0,1,0,0.073441796
2715123,52,3,0,3,7187.0,1560.0,1,0.0,0.0,0.33333334,0.0,1,0,0,0,1,0,0,0,0,0,0.07399587
2748532,27,3,2,3,15391.0,2680.0,1,0.6666667,0.0,0.33333334,0.33333334,1,0,0,0,0,0,0,0,1,0,0.074220985
2801695,20,1,1,3,2143.5,520.0,1,1.0,0.0,0.0,0.0,1,0,0,0,1,0,0,0,0,0,0.074365005
2775682,48,3,3,2,3772.4167,821.6667,1,1.0,0.0,0.33333334,0.0,0,0,1,0,0,0,0,0,1,0,0.074455716
2730053,25,3,1,3,4243.3667,910.0,1,0.33333334,0.0,0.6666667,0.0,0,0,0,0,1,0,0,0,0,0,0.0744786
2693594,58,1,1,2,4119.0,606.6667,1,1.0,0.0,0.0,0.0,1,0,1,0,0,0,0,0,1,0,0.07475554
2690514,36,1,0,3,3152.0,1116.0,1,0.0,0.0,0.0,0.0,1,0,0,0,0,0,0,0,1,0,0.074926466
2758805,38,1,1,2,5728.1665,561.0,1,1.0,0.0,0.0,0.0,1,0,1,0,0,0,1,0,0,0,0.07502808
2771832,41,1,1,2,982.1334,151.6667,1,1.0,0.0,0.0,0.0,1,0,1,0,0,0,0,0,1,0,0.075067006
2739073,47,3,2,3,32417.81,1826.3333,1,0.6666667,0.0,0.33333334,0.0,1,0,0,0,0,0,0,0,1,0,0.07535315
2673545,26,4,2,2,2680.6667,446.0,1,0.5,0.0,0.5,0.0,1,0,1,0,0,0,0,0,1,0,0.0754826
2748232,42,3,0,3,5150.0,2080.0,1,0.0,0.0,0.33333334,0.33333334,1,0,0,0,1,0,0,0,0,0,0.07561059
2774482,48,6,2,3,6023.5835,1408.3333,1,0.33333334,0.0,0.6666667,0.0,1,0,0,0,0,0,0,0,1,0,0.07575334
2684474,87,1,0,2,7942.7,1365.0,1,0.0,1.0,0.0,0.0,1,0,1,0,0,0,0,0,1,0,0.07608132
2766222,60,1,1,1,8876.333,1105.0,1,1.0,0.0,0.0,0.0,1,1,0,0,0,0,0,0,1,0,0.076134026
2744363,24,2,1,3,939.4,325.0,1,0.5,0.0,0.5,0.5,1,0,0,0,1,0,0,0,0,0,0.07623912
2691694,61,5,1,3,8948.333,1210.0,1,0.2,0.0,0.6,0.0,1,0,0,0,1,0,0,0,0,0,0.07626632
2665705,46,4,1,3,6493.8335,1213.3333,1,0.25,0.0,0.25,0.0,1,0,0,0,0,0,0,0,1,240,0.07643973
2687744,41,2,2,3,7454.45,1495.0,1,1.0,0.0,0.0,0.0,1,0,0,0,0,0,0,0,1,0,0.0767005
2716743,42,4,1,NA,10349.75,1339.0,1,0.25,0.0,0.5,0.0,1,NA,NA,NA,0,0,0,0,1,0,0.07674579
2721303,51,1,1,2,20880.0,585.0,1,1.0,0.0,0.0,0.0,0,0,1,0,0,0,0,0,1,0,0.076854035
2749692,56,2,2,3,15526.5,2565.0,1,1.0,0.0,0.0,0.0,1,0,0,0,0,0,0,0,1,0,0.07688157
2771422,29,2,2,4,4406.0,491.6667,1,1.0,0.0,0.0,0.0,1,0,0,1,0,0,0,0,1,0,0.076886944
2737903,29,1,1,3,2810.5,346.6667,1,1.0,0.0,0.0,0.0,1,0,0,0,0,0,0,0,1,0,0.076918215
2746433,67,1,1,3,2216.8167,450.0,1,1.0,1.0,0.0,0.0,1,0,0,0,0,0,0,0,1,0,0.07713688
2726973,24,2,2,4,7771.7334,476.6667,1,1.0,0.0,0.0,0.0,1,0,0,1,0,0,0,0,1,4500,0.07721726
2746443,55,2,0,4,2823.3333,758.3333,1,0.0,0.0,0.5,0.0,1,0,0,1,0,0,0,0,1,0,0.07726813
2680274,69,1,0,4,5161.7,686.0,1,0.0,1.0,0.0,0.0,1,0,0,1,0,0,0,0,1,0,0.07727566
2721703,28,3,1,2,4503.75,1256.0,1,0.33333334,0.0,0.6666667,0.0,1,0,1,0,1,0,0,0,0,0,0.07749819
2728503,65,2,1,2,8152.3,626.6667,1,0.5,0.5,0.0,0.0,1,0,1,0,0,0,0,0,1,0,0.077566065
2743303,31,1,1,2,2259.6667,346.3333,1,1.0,0.0,0.0,0.0,1,0,1,0,1,0,0,0,0,0,0.07823232
2713284,55,2,2,1,6281.5835,626.6667,1,1.0,0.0,0.0,0.0,1,1,0,0,0,0,0,0,1,0,0.078514166
2774292,41,3,2,3,5465.75,903.3333,1,0.6666667,0.0,0.33333334,0.0,1,0,0,0,0,0,0,0,1,0,0.0786134
2710004,73,2,1,3,8575.483,866.6667,1,0.5,0.5,0.0,0.0,1,0,0,0,0,0,0,0,1,0,0.07866696
2678145,40,7,4,3,9698.01,2926.6667,1,0.5714286,0.0,0.5714286,0.0,1,0,0,0,0,0,0,0,1,0,0.0787664
2792652,58,4,4,3,10676.8,2513.3333,1,1.0,0.0,0.0,0.0,1,0,0,0,0,0,0,0,1,0,0.07885366
2776152,72,1,0,3,4518.2334,409.6667,1,0.0,1.0,0.0,0.0,1,0,0,0,0,0,0,0,1,0,0.07912153
2648035,42,5,3,3,24082.55,5250.0,1,0.6,0.0,0.2,0.0,1,0,0,0,0,0,0,0,1,1200,0.07929013
2692544,31,3,2,3,6378.8335,1610.0,1,0.6666667,0.0,0.33333334,0.33333334,1,0,0,0,0,0,0,0,1,0,0.07973216
2736543,21,3,2,2,2362.4167,346.6667,1,0.6666667,0.0,0.33333334,0.33333334,1,0,1,0,0,0,0,0,1,6720,0.07991682
2730033,31,2,2,2,6008.7,476.6667,1,1.0,0.0,0.0,0.0,1,0,1,0,0,0,0,0,1,0,0.080289505
2687434,42,7,2,1,18839.15,1950.0,1,0.2857143,0.2857143,0.42857143,0.0,1,1,0,0,0,0,0,0,1,0,0.08035872
2751532,68,1,1,3,3350.75,1137.0,1,1.0,1.0,0.0,0.0,1,0,0,0,1,0,0,0,0,0,0.08043337
2681674,57,3,3,1,8867.43,585.0,1,1.0,0.33333334,0.0,0.0,1,1,0,0,1,0,0,0,0,0,0.0806398
2750212,59,1,0,3,28565.0,1916.0,1,0.0,0.0,0.0,0.0,1,0,0,0,0,0,0,0,1,2160,0.08072452
2675555,40,2,1,3,1354.4167,108.3333,1,0.5,0.0,0.5,0.0,1,0,0,0,1,0,0,0,0,0,0.08088636
2692654,62,1,0,4,4889.467,866.6667,1,0.0,0.0,0.0,0.0,1,0,0,1,0,0,0,0,1,0,0.08090988
2661705,40,6,2,4,7575.3335,960.0,1,0.33333334,0.0,0.6666667,0.16666667,1,0,0,1,0,0,0,0,1,700,0.08106302
2698714,33,3,2,1,8942.119,866.6667,1,0.6666667,0.0,0.33333334,0.33333334,1,1,0,0,0,0,0,0,1,0,0.081305675
2759022,65,2,1,3,7794.433,1024.3333,1,0.5,1.0,0.0,0.0,1,0,0,0,0,0,0,0,1,0,0.0815192
2689244,60,2,2,1,49732.33,3520.0,1,1.0,0.0,0.0,0.0,1,1,0,0,0,0,0,0,1,0,0.0819876
2723343,23,1,1,3,6738.75,1560.0,1,1.0,0.0,0.0,0.0,1,0,0,0,0,0,0,0,1,0,0.0821767
2662425,70,2,0,4,6578.933,1040.0,1,0.0,1.0,0.0,0.0,1,0,0,1,0,0,0,0,1,0,0.082928464
2778065,32,4,1,2,2814.0835,760.6667,1,0.25,0.0,0.75,0.0,1,0,1,0,0,1,0,0,0,0,0.0830112
2679615,49,2,2,3,2663.0332,238.3333,1,1.0,0.0,0.0,0.0,1,0,0,0,0,0,0,0,1,0,0.083256215
2678585,54,1,0,3,1246.2333,409.6667,1,0.0,0.0,0.0,0.0,1,0,0,0,1,0,0,0,0,0,0.083377436
2751412,56,1,1,2,18809.0,910.0,1,1.0,0.0,0.0,0.0,1,0,1,0,0,0,0,0,1,180,0.083378606
2812173,19,1,0,2,203.3333,151.6667,2,0.0,0.0,0.0,0.0,1,0,1,0,0,0,0,0,1,300,0.08363845
2736713,43,4,0,3,1676.6667,411.6667,1,0.0,0.0,0.75,0.0,1,0,0,0,1,0,0,0,0,0,0.083997
2672225,53,2,1,3,2764.3335,541.6667,1,0.5,0.0,0.0,0.0,1,0,0,0,0,0,0,0,1,0,0.08402134
2718093,64,2,2,4,31083.0,4740.0,1,1.0,0.0,0.0,0.0,1,0,0,1,0,0,0,0,1,0,0.08417938
2679725,55,4,3,2,14394.917,885.0,1,0.75,0.0,0.25,0.0,1,0,1,0,0,0,0,0,1,60,0.084478885
2755452,28,4,2,2,5676.0,1268.0,1,0.5,0.0,0.5,0.25,1,0,1,0,0,0,0,0,1,0,0.084508784
2680674,32,5,2,4,8521.75,1534.0,1,0.4,0.0,0.6,0.0,1,0,0,1,0,0,0,0,1,0,0.084543824
2660015,76,2,0,3,22289.934,1665.0,1,0.0,1.0,0.0,0.0,1,0,0,0,0,0,0,0,1,0,0.08499068
2697784,33,4,1,4,4325.3335,780.0,1,0.25,0.0,0.5,0.25,1,0,0,1,0,0,0,0,1,0,0.085034125
2739903,75,1,1,4,2173.1667,823.3333,1,1.0,1.0,0.0,0.0,0,0,0,1,0,0,0,0,1,0,0.08515577
2647065,42,4,3,1,5274.6,1430.0,1,0.75,0.0,0.5,0.0,1,1,0,0,0,0,0,0,1,7200,0.08518644
2783544,24,2,2,3,9870.601,1755.0,1,1.0,0.0,0.0,0.0,1,0,0,0,1,0,0,0,0,0,0.08535351
2757722,23,2,1,3,7470.75,793.0,1,0.5,0.0,0.5,0.0,1,0,0,0,0,0,0,0,1,0,0.08537619
2769532,28,1,1,3,8859.667,1941.3333,1,1.0,0.0,0.0,0.0,1,0,0,0,1,0,0,0,0,0,0.0855244
2764705,39,2,0,3,3061.6667,866.6667,1,0.0,0.0,0.5,0.0,1,0,0,0,0,0,0,0,1,0,0.085583046
2709224,71,2,2,1,2578.7334,368.3333,1,1.0,0.5,0.0,0.0,1,1,0,0,0,0,0,0,1,0,0.0856029
2676115,60,2,2,2,3638.1333,1213.3333,1,1.0,0.0,0.0,0.0,1,0,1,0,0,0,0,0,1,0,0.08564365
2660885,70,1,0,1,9618.3,1256.6667,1,0.0,1.0,0.0,0.0,1,1,0,0,0,0,0,0,1,0,0.08566059
2696314,87,1,0,3,3244.6667,736.6667,1,0.0,1.0,0.0,0.0,1,0,0,0,0,0,0,0,1,0,0.085883185
2756602,31,2,2,4,9973.75,1040.0,1,1.0,0.0,0.0,0.0,1,0,0,1,0,0,0,0,1,0,0.085968934
2758872,82,1,0,3,2919.8,650.0,1,0.0,1.0,0.0,0.0,0,0,0,0,0,0,0,0,1,0,0.08599565
2780472,63,2,0,3,6660.3335,780.0,1,0.0,0.0,0.0,0.0,1,0,0,0,0,0,0,0,1,0,0.08619221
2682864,47,2,2,3,5982.75,975.0,1,1.0,0.0,0.0,0.0,1,0,0,0,1,0,0,0,0,0,0.08655052
2660205,56,2,2,1,5911.6665,303.3333,1,1.0,0.0,0.0,0.0,1,1,0,0,0,0,0,0,1,0,0.08658254
2793165,53,1,1,3,5109.5,953.3333,1,1.0,0.0,0.0,0.0,1,0,0,0,1,0,0,0,0,0,0.08658446
2775852,46,3,2,4,11789.917,1140.0,1,0.6666667,0.0,0.33333334,0.0,1,0,0,1,0,0,0,0,1,0,0.0872041
2779845,20,1,0,3,2059.6667,476.6667,2,0.0,0.0,0.0,0.0,1,0,0,0,1,0,0,0,0,0,0.0873779
2716483,63,2,0,3,9595.2,3250.0,2,0.0,0.0,0.0,0.0,1,0,0,0,0,0,0,0,1,0,0.08780266
2695684,48,2,2,1,7591.467,1213.3333,1,1.0,0.0,0.0,0.0,1,1,0,0,0,0,0,0,1,0,0.08804874
2692584,28,1,1,1,3799.0,866.6667,1,1.0,0.0,0.0,0.0,1,1,0,0,0,0,0,0,1,0,0.08824866
2778322,60,3,3,3,4390.6,433.3333,1,1.0,0.0,0.0,0.0,1,0,0,0,1,0,0,0,0,0,0.08827062
2669755,56,3,2,3,3016.4333,303.3333,1,0.6666667,0.0,0.33333334,0.0,1,0,0,0,1,0,0,0,0,2292,0.088433534
2751612,34,4,2,4,11707.5,1860.0,1,0.5,0.0,0.5,0.0,1,0,0,1,0,0,0,0,1,0,0.088496335
2707324,39,7,3,3,6099.1665,1263.3333,1,0.42857143,0.0,0.42857143,0.0,1,0,0,0,0,0,0,0,1,0,0.08855714
2677205,50,1,0,3,510.0,0.0,1,0.0,0.0,0.0,0.0,1,0,0,0,0,0,0,0,0,0,0.088666305
2774622,39,5,4,3,5564.3,910.0,1,0.8,0.0,0.2,0.0,1,0,0,0,1,0,0,0,0,0,0.08870291
2745733,42,4,1,4,2278.0,866.6667,1,0.25,0.0,0.5,0.0,1,0,0,1,0,0,0,0,0,0,0.08884333
2669855,44,2,2,4,4044.5598,763.3333,1,1.0,0.0,0.0,0.0,1,0,0,1,0,0,0,0,1,0,0.08893534
2730253,75,2,1,4,1392.5667,390.0,1,0.5,0.5,0.0,0.0,1,0,0,1,0,0,0,0,1,0,0.08907813
2735333,66,2,1,4,1838.2667,346.6667,1,0.5,0.5,0.0,0.0,1,0,0,1,0,0,0,0,1,0,0.08928158
2750342,19,1,0,4,1217.0,0.0,2,0.0,0.0,0.0,0.0,1,0,0,1,0,0,0,0,1,0,0.08935162
2687174,72,1,0,2,3780.7,884.0,1,0.0,1.0,0.0,0.0,1,0,1,0,0,0,0,0,1,0,0.089401655
2748092,50,2,2,1,8993.55,1430.0,1,1.0,0.0,0.0,0.0,1,1,0,0,0,0,0,0,0,0,0.08952293
2761172,87,1,0,4,1383.1333,563.3333,1,0.0,1.0,0.0,0.0,1,0,0,1,0,0,0,0,1,0,0.08954591
2736443,26,1,1,2,4864.9165,749.3333,1,1.0,0.0,0.0,0.0,1,0,1,0,0,0,0,0,1,0,0.09006983
2766842,23,2,1,3,4737.1665,1083.3333,1,0.5,0.0,0.0,0.0,1,0,0,0,0,0,0,0,1,1200,0.09029414
2721683,44,2,1,3,13920.25,2375.0,1,0.5,0.0,0.5,0.0,1,0,0,0,0,0,0,0,1,0,0.09070913
2743063,51,5,3,1,4775.717,637.0,1,0.6,0.0,0.2,0.0,1,1,0,0,0,0,0,0,1,0,0.09073013
2707174,31,2,1,3,3491.4,606.6667,1,0.5,0.0,0.0,0.0,1,0,0,0,0,0,0,0,1,0,0.09081125
2677905,66,5,3,2,13113.283,1148.6667,1,0.6,0.4,0.0,0.0,1,0,1,0,0,0,0,0,1,0,0.0908118
2757162,69,1,0,3,8036.7,741.0,1,0.0,1.0,0.0,0.0,1,0,0,0,0,0,0,0,1,9000,0.090833165
2703294,62,4,3,3,4779.8833,563.3333,1,0.75,0.0,0.0,0.0,1,0,0,0,0,0,0,0,1,0,0.09094289
2679885,79,1,1,3,1876.5834,173.3333,1,1.0,1.0,0.0,0.0,1,0,0,0,0,0,0,0,1,0,0.09100547
2649805,51,1,1,3,5869.75,351.0,1,1.0,0.0,0.0,0.0,1,0,0,0,0,0,0,0,1,0,0.091272414
2704144,56,1,0,1,2958.0,390.0,1,0.0,0.0,0.0,0.0,1,1,0,0,0,0,0,0,1,0,0.09142579
2729753,33,1,1,3,5423.6665,1170.0,2,1.0,0.0,0.0,0.0,1,0,0,0,0,0,0,0,1,346,0.091603465
2681694,64,5,1,4,9291.7,1950.0,1,0.2,0.0,0.4,0.0,1,0,0,1,1,0,0,0,0,0,0.0919087
2736013,38,3,2,1,11883.333,2713.3333,1,0.6666667,0.0,0.33333334,0.0,1,1,0,0,0,0,0,0,1,0,0.09191998
2682234,60,5,2,3,18508.3,2667.0,1,0.4,0.0,0.4,0.0,1,0,0,0,0,0,0,0,1,1620,0.091942556
2721493,49,1,1,2,9595.5,1196.0,1,1.0,0.0,0.0,0.0,1,0,1,0,0,0,0,0,1,0,0.09220825
2707074,57,1,1,4,3171.0833,520.0,1,1.0,0.0,0.0,0.0,1,0,0,1,0,0,0,0,1,0,0.09232573
2774712,82,1,0,2,3199.3333,281.6667,1,0.0,1.0,0.0,0.0,1,0,1,0,0,0,0,0,1,0,0.092744
2799055,20,1,1,2,4926.467,540.0,1,1.0,0.0,0.0,0.0,1,0,1,0,0,0,0,0,1,0,0.09280381
2759832,49,1,1,2,7562.3335,1083.3333,2,1.0,0.0,0.0,0.0,1,0,1,0,0,0,0,0,1,2200,0.09306457
2756572,38,1,1,4,10586.55,2080.0,1,1.0,0.0,0.0,0.0,1,0,0,1,0,0,0,0,1,0,0.09309034
2680324,87,2,0,2,4901.4,520.0,1,0.0,1.0,0.0,0.0,1,0,1,0,0,0,0,0,1,0,0.09311546
2759195,41,4,1,4,3708.5,1126.6667,1,0.25,0.0,0.75,0.0,1,0,0,1,0,0,0,0,1,0,0.09319917
2706054,67,2,0,2,2953.5667,498.3333,1,0.0,0.5,0.0,0.0,1,0,1,0,0,0,0,0,1,0,0.09360242
2720213,56,3,3,1,25337.75,4100.0,1,1.0,0.0,0.0,0.0,1,1,0,0,0,0,0,0,1,0,0.094325505
2690044,37,5,3,3,23158.85,6650.0,1,0.6,0.0,0.4,0.0,1,0,0,0,0,0,0,0,1,0,0.09438467
2774572,46,6,1,2,5150.393,722.3333,1,0.16666667,0.0,0.6666667,0.0,1,0,1,0,0,0,0,0,1,1044,0.094456844
2672665,44,3,2,3,3699.4834,1333.0,1,0.6666667,0.0,0.6666667,0.0,1,0,0,0,0,0,0,0,1,0,0.09451938
2742173,58,1,1,4,5711.217,433.3333,1,1.0,0.0,0.0,0.0,1,0,0,1,0,1,0,0,0,0,0.0947816
2719953,20,5,2,4,10285.93,1170.0,1,0.4,0.0,0.2,0.0,1,0,0,1,0,0,0,0,1,0,0.094841346
2778792,18,1,1,4,3034.0835,390.0,1,1.0,0.0,0.0,0.0,1,0,0,1,0,0,0,0,1,0,0.0950697
2758552,44,5,2,4,24169.453,5043.3335,1,0.4,0.0,0.6,0.0,1,0,0,1,0,0,0,0,1,0,0.095094875
2708184,71,2,1,2,2645.9834,359.6667,1,0.5,1.0,0.0,0.0,1,0,1,0,1,0,0,0,0,0,0.095158726
2693664,46,2,0,2,3336.0,866.6667,1,0.0,0.0,0.5,0.0,1,0,1,0,0,0,0,0,1,0,0.09540242
2773262,65,4,2,3,7420.217,651.6667,1,0.5,0.5,0.0,0.0,1,0,0,0,0,0,0,0,1,0,0.09542856
2666105,68,2,0,4,10148.6,2119.3333,1,0.0,1.0,0.0,0.0,1,0,0,1,0,0,0,0,1,0,0.09550395
2741523,24,1,1,1,1363.2167,368.0,1,1.0,0.0,0.0,0.0,1,1,0,0,0,0,0,0,1,0,0.0958304
2739703,40,5,3,4,7461.6665,2166.6667,1,0.6,0.0,0.4,0.0,1,0,0,1,0,0,0,0,1,0,0.09588105
2662625,65,1,0,3,1788.6667,520.0,1,0.0,1.0,0.0,0.0,1,0,0,0,0,0,0,0,1,0,0.09633436
2746363,81,1,0,4,4098.15,330.3333,1,0.0,1.0,0.0,0.0,1,0,0,1,0,0,0,0,1,0,0.09634014
2756352,39,4,1,4,32874.0,2294.0,1,0.25,0.0,0.5,0.0,1,0,0,1,0,0,0,0,1,0,0.09656188
2656165,31,4,1,3,20745.5,3770.0,1,0.25,0.0,0.5,0.0,1,0,0,0,0,0,0,0,1,0,0.096695885
2713973,66,1,1,3,2594.3499,650.0,1,1.0,1.0,0.0,0.0,1,0,0,0,0,0,0,0,1,0,0.096933454
2701314,34,2,1,3,3062.8335,1064.0,1,0.5,0.0,0.5,0.0,1,0,0,0,0,0,0,0,1,4800,0.09724184
2710304,65,2,1,3,3965.3833,780.0,1,0.5,1.0,0.0,0.0,1,0,0,0,0,0,0,0,1,0,0.09787873
2704654,54,1,0,2,636.0,156.0,1,0.0,0.0,0.0,0.0,1,0,1,0,0,0,0,0,1,2100,0.097894855
2663985,35,4,3,2,4358.0,656.6667,1,0.75,0.0,0.5,0.0,1,0,1,0,0,0,0,0,1,0,0.09798205
2723363,48,2,1,1,11385.55,2145.0,1,0.5,0.0,0.0,0.0,1,1,0,0,1,0,0,0,0,2400,0.098186426
2663725,37,5,2,3,14741.667,1593.3333,1,0.4,0.0,0.6,0.0,1,0,0,0,0,0,0,0,1,0,0.09826748
2773902,35,1,1,3,5703.25,2491.6667,1,1.0,0.0,0.0,0.0,1,0,0,0,0,0,0,0,1,0,0.09834574
2794685,30,2,2,1,11002.667,1020.6667,1,1.0,0.0,0.0,0.0,1,1,0,0,0,0,0,0,1,0,0.098348
2709174,44,5,2,1,6587.4165,756.0,1,0.4,0.2,0.4,0.0,1,1,0,0,0,0,0,0,1,0,0.09835507
2677225,52,2,2,4,7659.75,1603.3333,1,1.0,0.0,0.0,0.0,1,0,0,1,1,0,0,0,0,0,0.0984863
2647705,61,1,0,3,3235.0,182.0,1,0.0,0.0,0.0,0.0,1,0,0,0,0,0,0,0,1,0,0.09851665
2738845,21,1,1,1,1426.25,1083.3333,1,1.0,0.0,0.0,0.0,1,1,0,0,0,0,0,0,1,0,0.09853114
2737253,24,2,2,3,3906.6833,845.0,1,1.0,0.0,0.0,0.0,1,0,0,0,0,0,0,0,1,0,0.09854242
2675015,26,4,1,3,1637.1666,650.0,1,0.25,0.0,0.75,0.0,1,0,0,0,0,0,0,0,1,0,0.09861554
2764662,63,1,0,3,3198.0,388.3333,1,0.0,0.0,0.0,0.0,1,0,0,0,0,0,0,0,1,0,0.09862096
2758922,23,2,1,4,13520.6,3580.0,1,0.5,0.0,0.0,0.0,1,0,0,1,0,0,0,0,1,0,0.098692834
2761582,62,2,1,3,4303.3335,910.0,1,0.5,0.0,0.0,0.0,1,0,0,0,0,0,0,0,1,0,0.09877481
2657965,66,1,0,3,3651.7,845.0,1,0.0,1.0,0.0,0.0,1,0,0,0,0,0,0,0,1,4440,0.09879696
2750732,75,1,0,1,4105.7,1131.0,1,0.0,1.0,0.0,0.0,1,1,0,0,1,0,0,0,0,0,0.09900053
2658665,64,2,0,3,6966.8,823.3333,1,0.0,0.5,0.0,0.0,1,0,0,0,0,0,0,0,1,0,0.099037476
2749332,33,4,1,1,16938.0,1820.0,1,0.25,0.0,0.5,0.0,1,1,0,0,0,0,0,0,1,0,0.099510826
2752282,55,1,0,3,5924.0,585.0,1,0.0,0.0,0.0,0.0,1,0,0,0,1,0,0,0,0,0,0.09970124
2746513,43,4,1,3,2198.5,498.3333,1,0.25,0.0,0.5,0.25,0,0,0,0,0,0,0,0,1,0,0.099794514
2750302,41,3,2,4,17352.18,2620.0,1,0.6666667,0.0,0.33333334,0.33333334,1,0,0,1,0,0,0,0,1,0,0.09985941
2679055,76,1,0,1,1769.2333,346.6667,1,0.0,1.0,0.0,0.0,1,1,0,0,0,0,0,0,1,0,0.100001305
2779012,64,1,1,4,2398.9333,476.6667,1,1.0,0.0,0.0,0.0,1,0,0,1,1,0,0,0,0,0,0.10012373
2676845,64,2,2,3,5458.9165,888.3333,1,1.0,0.0,0.0,0.0,1,0,0,0,0,0,0,0,1,0,0.10023353
2666845,42,2,0,3,718.3333,0.0,1,0.0,0.0,0.0,0.0,1,0,0,0,0,0,0,0,1,0,0.10051769
2763212,45,3,3,4,8142.5,1213.3333,1,1.0,0.0,0.0,0.0,1,0,0,1,0,0,0,0,1,0,0.10052259
2709664,82,3,1,4,1665.2167,151.6667,1,0.33333334,0.33333334,0.0,0.0,1,0,0,1,0,1,0,0,0,0,0.10055178
2777452,62,5,4,1,8046.0,1386.6667,1,0.8,0.0,0.0,0.0,1,1,0,0,0,0,0,0,1,0,0.10057471
2659755,72,2,0,1,7937.933,1126.6667,1,0.0,1.0,0.0,0.0,1,1,0,0,0,0,0,0,1,0,0.10059439
2727563,22,4,3,3,9587.167,676.0,1,0.75,0.0,0.25,0.25,1,0,0,0,0,0,0,0,1,0,0.10069297
2662975,39,4,2,3,7430.8667,1423.3333,1,0.5,0.25,0.25,0.0,1,0,0,0,1,0,0,0,0,0,0.10070197
2748952,35,4,2,4,7537.75,1560.0,1,0.5,0.0,0.5,0.0,1,0,0,1,0,0,0,0,1,0,0.10074915
2733703,31,5,1,2,16459.666,1665.3333,1,0.2,0.0,0.6,0.0,1,0,1,0,0,0,0,0,1,0,0.100799665
2683224,52,2,2,3,12114.75,2110.0,1,1.0,0.0,0.0,0.0,1,0,0,0,0,0,0,0,1,0,0.100867525
2776395,26,2,2,3,1912.8167,303.3333,1,1.0,0.0,0.0,0.0,0,0,0,0,0,0,0,0,1,5786,0.100927316
2763982,19,4,2,4,4553.4,910.0,1,0.5,0.0,0.25,0.0,1,0,0,1,0,0,0,0,1,0,0.101194195
2784555,35,4,1,4,9210.5,1495.0,1,0.25,0.0,0.5,0.0,1,0,0,1,0,0,0,0,1,0,0.10130476
2650685,61,3,2,2,12357.05,2145.0,1,0.6666667,0.0,0.0,0.0,0,0,1,0,0,0,0,0,1,0,0.101523586
2685964,46,6,3,3,11505.5,2210.0,1,0.5,0.0,0.16666667,0.16666667,1,0,0,0,0,0,0,0,1,0,0.10167362
2671445,56,2,2,4,5299.0835,876.3333,1,1.0,0.0,0.0,0.0,1,0,0,1,0,1,0,0,0,0,0.10178691
2784873,21,1,1,2,4452.0,260.0,2,1.0,0.0,0.0,0.0,1,0,1,0,0,0,0,0,1,0,0.10214064
2686834,87,4,3,4,7684.15,923.0,1,0.75,0.25,0.0,0.0,1,0,0,1,0,0,0,0,1,0,0.10227947
2647685,87,2,0,3,7714.9,1846.0,1,0.0,1.0,0.0,0.0,1,0,0,0,0,0,0,0,1,0,0.102912374
2669935,82,1,0,1,3332.2334,346.6667,1,0.0,1.0,0.0,0.0,1,1,0,0,0,0,0,0,1,0,0.10367054
2729643,35,1,1,3,2954.8333,190.6667,1,1.0,0.0,0.0,0.0,0,0,0,0,1,0,0,0,0,0,0.10380865
2679195,25,2,2,2,2495.9167,260.0,1,1.0,0.0,0.0,0.0,1,0,1,0,0,0,0,0,1,0,0.10386156
2649395,69,2,0,4,96135.4,3549.0,1,0.0,1.0,0.0,0.0,1,0,0,1,0,0,0,0,1,0,0.10392174
2765762,62,2,1,2,7417.0,1655.0,1,0.5,0.0,0.0,0.0,1,0,1,0,0,0,0,0,1,0,0.10415534
2692484,71,4,2,3,6487.1,1386.6667,1,0.5,0.5,0.25,0.0,1,0,0,0,0,0,0,0,1,0,0.10421803
2674665,22,1,1,4,1238.25,216.6667,2,1.0,0.0,0.0,0.0,1,0,0,1,0,0,0,0,1,0,0.10469125
2759152,38,4,1,3,12302.5,1516.6667,1,0.25,0.0,0.5,0.25,1,0,0,0,0,0,0,0,1,0,0.10474916
2768812,67,2,2,1,17641.586,910.0,1,1.0,0.5,0.0,0.0,1,1,0,0,0,0,0,0,1,0,0.1047583
2762682,59,1,0,3,3581.3333,511.3333,1,0.0,0.0,0.0,0.0,0,0,0,0,0,0,0,0,1,0,0.10490259
2666295,26,3,2,3,8471.833,1430.0,1,0.6666667,0.0,0.33333334,0.33333334,1,0,0,0,0,0,0,0,1,0,0.10501595
2685914,62,1,1,2,6199.75,689.0,1,1.0,0.0,0.0,0.0,1,0,1,0,0,0,0,0,1,0,0.10506121
2754365,29,5,0,1,5847.0,1105.0,1,0.0,0.0,0.6,0.4,1,1,0,0,0,0,0,0,1,0,0.10506124
2670345,42,3,1,3,7357.9165,768.6667,1,0.33333334,0.0,0.33333334,0.0,1,0,0,0,1,0,0,0,0,0,0.10528808
2690754,58,1,1,4,1923.85,845.0,1,1.0,0.0,0.0,0.0,1,0,0,1,0,0,0,0,1,0,0.105558224
2768992,48,3,1,1,38379.285,4899.3335,1,0.33333334,0.0,0.33333334,0.0,1,1,0,0,0,0,0,0,1,475,0.10594776
2737293,46,4,2,3,7877.5264,995.0,1,0.5,0.0,0.5,0.0,1,0,0,0,0,0,0,0,1,0,0.10603654
2660315,66,1,1,2,6968.1333,650.0,1,1.0,1.0,0.0,0.0,1,0,1,0,0,0,0,0,1,0,0.10610171
2740583,35,4,2,2,24478.5,368.3333,1,0.5,0.0,0.5,0.0,1,0,1,0,0,0,0,0,1,0,0.10618397
2719653,29,1,1,4,24419.5,3459.0,1,1.0,0.0,0.0,0.0,1,0,0,1,0,0,0,0,1,0,0.10644721
2694444,42,4,2,1,10999.333,1386.6667,1,0.5,0.0,0.5,0.0,1,1,0,0,0,0,0,0,1,1080,0.10645115
2769632,57,1,1,3,3528.6667,563.3333,1,1.0,0.0,0.0,0.0,1,0,0,0,0,0,0,0,1,0,0.10652932
2738893,55,1,1,1,1714.0834,221.6667,1,1.0,0.0,0.0,0.0,1,1,0,0,1,0,0,0,0,0,0.106572606
2780842,53,3,2,4,6144.35,1006.6667,1,0.6666667,0.0,0.33333334,0.0,1,0,0,1,0,1,0,0,0,0,0.10690124
2682044,61,2,2,4,22210.65,3254.0,1,1.0,0.0,0.0,0.0,1,0,0,1,0,0,0,0,1,0,0.10713639
2685994,66,4,3,3,9992.5,3900.0,1,0.75,0.25,0.0,0.0,0,0,0,0,0,0,0,0,1,1248,0.10727633
2690334,66,1,0,2,2378.0,572.0,1,0.0,1.0,0.0,0.0,0,0,1,0,0,0,0,0,1,0,0.10747882
2708824,27,3,0,3,906.3333,498.3333,1,0.0,0.0,0.6666667,0.0,1,0,0,0,1,0,0,0,0,0,0.1077968
2691294,43,4,1,3,6229.0,1343.3333,1,0.25,0.0,0.5,0.0,1,0,0,0,0,0,0,0,1,0,0.10786271
2738483,66,2,1,2,3761.3167,541.6667,1,0.5,1.0,0.0,0.0,1,0,1,0,0,0,0,0,1,0,0.10804363
2654155,32,4,2,1,13587.25,3380.0,1,0.5,0.0,0.5,0.25,1,1,0,0,0,0,0,0,1,0,0.10809607
2767242,38,5,1,4,36695.785,2426.6667,1,0.2,0.0,0.6,0.0,1,0,0,1,0,0,0,0,1,0,0.10810251
2682964,49,6,3,1,42521.65,4220.0,1,0.5,0.0,0.33333334,0.0,1,1,0,0,1,0,0,0,0,0,0.10815884
2678285,72,3,2,1,2023.8,433.3333,1,0.6666667,0.33333334,0.0,0.0,1,1,0,0,0,0,0,0,1,0,0.10817793
2742063,75,1,0,3,803.6667,160.3333,1,0.0,1.0,0.0,0.0,1,0,0,0,0,0,0,0,1,0,0.108381234
2705624,48,3,2,2,2550.5667,502.6667,1,0.6666667,0.0,0.33333334,0.0,1,0,1,0,0,0,0,0,1,0,0.10867799
2728643,33,3,2,1,8576.267,1646.6667,1,0.6666667,0.0,0.33333334,0.33333334,1,1,0,0,0,0,0,0,1,0,0.10875706
2662895,34,3,2,3,6903.3667,1259.3333,1,0.6666667,0.0,0.33333334,0.0,1,0,0,0,0,0,0,0,1,0,0.10910153
2686424,87,1,0,3,3761.7,390.0,1,0.0,1.0,0.0,0.0,1,0,0,0,0,0,0,0,1,0,0.10923447
2740293,52,3,3,3,9227.5,3158.3333,1,1.0,0.0,0.0,0.0,1,0,0,0,0,0,0,0,1,0,0.109236225
2709344,38,6,1,2,1569.6667,325.0,1,0.16666667,0.0,0.5,0.16666667,1,0,1,0,1,0,0,0,0,0,0.10923967
2694104,49,2,2,3,7563.467,1386.6667,1,1.0,0.0,0.0,0.0,1,0,0,0,0,0,0,0,1,0,0.10945194
2675355,30,1,1,1,1552.75,455.0,1,1.0,0.0,0.0,0.0,1,1,0,0,0,0,0,0,1,0,0.109690435
2762032,54,2,2,3,8156.4,693.3333,1,1.0,0.0,0.0,0.0,0,0,0,0,0,0,0,0,1,0,0.10975771
2652105,76,2,1,4,18257.4,2860.0,1,0.5,1.0,0.0,0.0,1,0,0,1,0,0,0,0,1,0,0.109883584
2654815,35,4,2,2,12428.0,3002.0,1,0.5,0.0,0.5,0.0,1,0,1,0,0,0,0,0,1,0,0.11003959
2756272,75,2,0,3,9223.0,2210.0,1,0.0,1.0,0.0,0.0,1,0,0,0,0,0,0,0,1,0,0.110076055
2768202,54,3,3,2,15803.167,1213.3333,1,1.0,0.0,0.0,0.0,1,0,1,0,0,0,0,0,1,0,0.110088885
2723043,50,2,0,3,5878.0,845.0,1,0.0,0.0,0.0,0.0,1,0,0,0,1,0,0,0,0,0,0.110207304
2718843,29,1,1,4,4198.75,780.0,1,1.0,0.0,0.0,0.0,1,0,0,1,0,0,0,0,1,0,0.110727064
2702684,41,4,2,2,4700.8335,923.3333,1,0.5,0.0,0.5,0.0,1,0,1,0,0,0,0,0,1,0,0.110903196
2759045,47,2,1,4,3410.0332,1270.0,1,0.5,0.0,0.5,0.0,1,0,0,1,0,0,0,0,1,0,0.111046754
2763872,36,4,2,3,12371.733,1902.6667,1,0.5,0.0,0.5,0.0,1,0,0,0,0,0,0,0,1,0,0.111115456
2762812,57,2,1,4,3852.3,433.3333,1,0.5,0.0,0.0,0.0,1,0,0,1,0,0,0,0,1,0,0.11152921
2700264,52,3,1,2,8118.5,1473.3333,1,0.33333334,0.0,0.33333334,0.0,1,0,1,0,0,0,0,0,1,0,0.1115717
2658135,70,2,2,3,20191.879,2270.0,1,1.0,0.5,0.0,0.0,1,0,0,0,0,0,0,0,1,0,0.1116096
2690184,60,3,3,1,22008.75,3895.0,1,1.0,0.0,0.0,0.0,1,1,0,0,0,0,0,0,1,0,0.11168556
2690424,26,1,1,4,5956.5,1495.0,1,1.0,0.0,0.0,0.0,1,0,0,1,0,0,0,0,1,2232,0.11170083
2660325,57,2,2,3,9544.134,866.6667,1,1.0,0.0,0.0,0.0,1,0,0,0,0,0,0,0,1,0,0.111738876
2679695,77,1,0,1,1839.2333,346.6667,1,0.0,1.0,0.0,0.0,1,1,0,0,0,0,0,0,1,0,0.11174027
2660775,19,4,1,1,5211.6333,1213.3333,1,0.25,0.0,0.0,0.0,1,1,0,0,0,1,0,0,0,0,0.111918405
2703034,59,2,2,3,5797.9165,576.3333,1,1.0,0.0,0.0,0.0,1,0,0,0,0,0,0,0,1,0,0.11192826
2763102,78,1,0,2,3309.8,520.0,1,0.0,1.0,0.0,0.0,0,0,1,0,0,0,0,0,1,0,0.111975074
2685654,60,3,2,4,22178.08,2700.0,1,0.6666667,0.0,0.0,0.0,1,0,0,1,0,0,0,0,1,1800,0.11203642
2730653,67,1,0,2,1993.6667,416.0,1,0.0,1.0,0.0,0.0,1,0,1,0,0,0,0,0,1,0,0.11226804
2746223,44,3,2,2,4392.4,563.3333,1,0.6666667,0.0,0.33333334,0.0,1,0,1,0,0,0,0,0,1,0,0.112423085
2660505,34,1,1,4,5464.1665,953.3333,1,1.0,0.0,0.0,0.0,1,0,0,1,0,0,0,0,1,0,0.11261437
2736463,34,3,1,3,3668.3335,650.0,1,0.33333334,0.0,0.33333334,0.0,1,0,0,0,0,0,0,0,1,0,0.11263562
2652655,46,4,1,2,5422.95,910.0,1,0.25,0.0,0.5,0.0,0,0,1,0,0,0,0,0,1,0,0.11265046
2778662,25,2,2,1,2837.1833,736.6667,1,1.0,0.0,0.0,0.0,1,1,0,0,0,0,0,0,1,0,0.11285022
2733093,40,6,1,4,8303.934,1063.3333,1,0.16666667,0.0,0.8333333,0.0,1,0,0,1,0,0,0,0,1,0,0.11312646
2726923,60,2,1,4,10770.0,1646.6667,1,0.5,0.0,0.0,0.0,1,0,0,1,0,0,0,0,1,0,0.113167904
2699534,35,4,2,3,7434.933,1386.6667,1,0.5,0.0,0.5,0.0,1,0,0,0,0,0,0,0,1,0,0.11331097
2650575,78,2,0,2,11507.4,2925.0,1,0.0,1.0,0.0,0.0,1,0,1,0,0,0,0,0,1,0,0.1133518
2777242,35,3,2,1,3561.1667,373.0,1,0.6666667,0.0,0.33333334,0.0,1,1,0,0,0,0,0,0,1,0,0.11339005
2712444,67,1,0,4,1463.2333,303.3333,1,0.0,1.0,0.0,0.0,1,0,0,1,0,0,0,0,1,0,0.11343869
2730583,29,1,0,3,18479.0,1230.6667,2,0.0,0.0,0.0,0.0,1,0,0,0,0,0,0,0,1,1152,0.11355399
2676725,53,1,0,3,1418.0,346.6667,1,0.0,0.0,0.0,0.0,1,0,0,0,0,0,0,0,1,0,0.11355957
2670725,55,1,0,3,758.6667,151.6667,1,0.0,0.0,0.0,0.0,0,0,0,0,0,0,0,0,1,0,0.1137421
2728823,80,1,0,3,5434.1333,2470.0,1,0.0,1.0,0.0,0.0,1,0,0,0,0,0,0,0,1,180,0.114058115
2649045,66,1,0,3,5760.7,1105.0,1,0.0,1.0,0.0,0.0,1,0,0,0,0,0,0,0,1,0,0.11408644
2739283,46,3,1,3,5559.8335,1516.6667,1,0.33333334,0.0,0.33333334,0.0,1,0,0,0,0,1,0,0,0,0,0.11429704
2704234,42,3,2,3,3959.25,706.6667,1,0.6666667,0.0,0.33333334,0.0,1,0,0,0,0,0,0,0,1,0,0.114387274
2754542,33,2,2,1,10678.601,195.0,1,1.0,0.0,0.0,0.0,1,1,0,0,0,1,0,0,0,3600,0.11443672
2707484,39,2,2,2,2741.75,563.3333,1,1.0,0.0,0.0,0.0,1,0,1,0,0,0,0,0,1,0,0.11445026
2669355,57,2,2,3,1634.15,476.6667,1,1.0,0.0,0.0,0.0,1,0,0,0,1,0,0,0,0,0,0.11447674
2711184,61,1,1,1,6109.8335,346.6667,1,1.0,0.0,0.0,0.0,1,1,0,0,0,0,0,0,1,0,0.11448148
2657345,45,3,2,4,13633.5,1828.0,1,0.6666667,0.0,0.33333334,0.0,1,0,0,1,0,0,0,0,1,0,0.114625506
2715063,46,6,4,2,18963.35,5003.0,1,0.6666667,0.0,0.16666667,0.0,1,0,1,0,0,0,0,0,1,3312,0.114677005
2714903,76,1,0,3,4746.7,390.0,1,0.0,1.0,0.0,0.0,1,0,0,0,0,0,0,0,1,0,0.114748955
2736763,44,4,4,2,10474.5,736.6667,1,1.0,0.0,0.0,0.0,1,0,1,0,0,0,0,0,1,0,0.11479258
2681554,57,2,1,1,23704.0,5885.0,1,0.5,0.0,0.0,0.0,1,1,0,0,0,0,0,0,1,0,0.11479564
2748932,48,4,3,4,11114.75,1391.0,1,0.75,0.0,0.25,0.25,1,0,0,1,0,0,0,0,1,0,0.11482238
2704254,41,1,1,3,2306.3335,216.6667,1,1.0,0.0,0.0,0.0,1,0,0,0,1,0,0,0,0,2244,0.11510584
2701364,65,1,0,3,3552.6667,0.0,1,0.0,1.0,0.0,0.0,1,0,0,0,1,0,0,0,0,0,0.11559349
2675475,45,1,1,3,4102.75,476.6667,1,1.0,0.0,0.0,0.0,1,0,0,0,0,0,0,0,1,180,0.11560152
2748982,56,2,2,3,18104.36,1950.0,1,1.0,0.0,0.0,0.0,1,0,0,0,0,0,0,0,1,0,0.11561615
2649105,33,3,2,2,17266.25,2920.0,1,0.6666667,0.0,0.33333334,0.0,1,0,1,0,0,0,0,0,1,0,0.11577506
2702154,37,2,1,3,2202.7,491.6667,1,0.5,0.0,0.5,0.0,1,0,0,0,0,0,0,0,1,0,0.116046816
2667915,31,4,1,1,5367.6665,650.0,1,0.25,0.0,0.5,0.0,1,1,0,0,0,0,0,0,1,0,0.116130605
2651015,35,1,1,4,9237.25,1370.0,1,1.0,0.0,0.0,0.0,1,0,0,1,0,1,0,0,0,0,0.11699665
2776582,44,7,1,1,5165.283,1625.0,1,0.14285715,0.0,0.71428573,0.0,1,1,0,0,0,0,0,0,1,0,0.11702253
2730883,44,5,1,4,15078.833,2242.6667,1,0.2,0.0,0.6,0.0,1,0,0,1,0,0,0,0,1,776,0.11705981
2700324,30,1,1,2,5980.1665,606.6667,1,1.0,0.0,0.0,0.0,1,0,1,0,0,0,0,0,1,0,0.11713395
2772272,59,1,0,4,2781.5,355.3333,1,0.0,0.0,0.0,0.0,1,0,0,1,0,0,0,0,1,0,0.11783893
2745323,78,2,0,2,3120.1333,368.3333,1,0.0,1.0,0.0,0.0,1,0,1,0,0,0,0,0,1,0,0.11784226
2756372,61,2,2,2,13652.25,1300.0,1,1.0,0.0,0.0,0.0,1,0,1,0,0,0,0,0,1,0,0.117882565
2671495,53,4,3,2,6299.1665,1148.3333,1,0.75,0.0,0.0,0.0,1,0,1,0,0,0,0,0,1,180,0.117908806
2672355,29,1,1,4,2218.0833,390.0,1,1.0,0.0,0.0,0.0,1,0,0,1,0,0,0,0,1,0,0.11794066
2764762,69,1,0,3,1843.0,819.3333,1,0.0,1.0,0.0,0.0,1,0,0,0,0,0,0,0,1,0,0.11810497
2685424,43,5,2,1,11277.75,3120.0,1,0.4,0.2,0.4,0.0,1,1,0,0,0,0,0,0,1,0,0.118163094
2758522,29,2,2,2,17579.334,1040.0,1,1.0,0.0,0.0,0.0,1,0,1,0,0,0,0,0,1,1200,0.118178576
2741803,87,1,0,4,5699.2334,541.6667,1,0.0,1.0,0.0,0.0,1,0,0,1,0,0,0,0,1,0,0.11818216
2780322,49,7,1,2,7540.3335,433.3333,1,0.14285715,0.0,0.71428573,0.0,1,0,1,0,0,0,0,0,1,0,0.11872297
2757412,87,1,0,4,18162.2,845.0,1,0.0,1.0,0.0,0.0,1,0,0,1,0,0,0,0,1,0,0.11882935
2701644,59,3,3,1,18784.586,4004.0,1,1.0,0.0,0.0,0.0,1,1,0,0,0,0,0,0,1,0,0.11896465
2735913,62,2,0,3,8502.934,1733.3333,1,0.0,0.0,0.0,0.0,1,0,0,0,0,0,0,0,1,0,0.11935333
2674955,55,2,2,3,2423.0833,476.6667,1,1.0,0.0,0.0,0.0,1,0,0,0,1,0,0,0,0,0,0.119428225
2757332,63,3,2,4,17967.85,2415.0,1,0.6666667,0.0,0.0,0.0,1,0,0,1,0,0,0,0,1,0,0.11947974
2739353,41,4,1,3,3835.7168,968.3333,1,0.25,0.0,0.5,0.0,1,0,0,0,0,0,0,0,1,7392,0.119525164
2658485,37,4,2,1,11351.0,1386.6667,1,0.5,0.0,0.5,0.0,1,1,0,0,0,0,0,0,1,0,0.11995749
2663055,57,2,2,3,3652.2,1126.6667,1,1.0,0.0,0.0,0.0,1,0,0,0,0,0,0,0,1,0,0.12000996
2740923,35,6,4,3,4056.2168,953.3333,1,0.6666667,0.0,0.33333334,0.16666667,1,0,0,0,0,1,0,0,0,0,0.12007255
2669225,32,4,1,3,2673.8333,579.3333,1,0.25,0.0,0.75,0.0,1,0,0,0,0,0,0,0,1,0,0.1201752
2708704,71,1,0,4,2188.5667,268.6667,1,0.0,1.0,0.0,0.0,1,0,0,1,0,0,0,0,1,0,0.12048864
2766292,43,1,1,2,3139.5,580.0,1,1.0,0.0,0.0,0.0,1,0,1,0,0,0,0,0,1,0,0.12049522
2741545,19,1,1,2,794.3333,173.3333,3,1.0,0.0,0.0,0.0,1,0,1,0,0,0,0,0,1,0,0.12050224
2686544,43,3,2,3,11563.0,1885.0,1,0.6666667,0.0,0.33333334,0.0,1,0,0,0,0,0,0,0,1,0,0.12057291
2701614,63,2,2,1,6346.1665,693.3333,1,1.0,0.0,0.0,0.0,1,1,0,0,0,0,0,0,1,0,0.12073263
2689214,75,1,0,3,23145.7,650.0,1,0.0,1.0,0.0,0.0,1,0,0,0,0,0,0,0,1,0,0.12074925
2759392,52,5,1,1,16040.786,1500.0,1,0.2,0.0,0.6,0.0,1,1,0,0,0,0,0,0,1,0,0.120881796
2750072,62,2,2,3,125683.11,4608.0,1,1.0,0.0,0.0,0.0,1,0,0,0,0,0,0,0,1,0,0.12100255
2649585,32,2,2,3,17212.95,1035.0,1,1.0,0.0,0.0,0.0,1,0,0,0,1,0,0,0,0,0,0.12101574
2745543,64,1,1,2,6985.6665,390.0,1,1.0,0.0,0.0,0.0,1,0,1,0,0,0,0,0,1,2400,0.12105784
2774522,34,13,1,2,3543.25,520.0,1,0.07692308,0.0,0.84615386,0.07692308,1,0,1,0,1,0,0,0,0,0,0.121079296
2673885,26,4,2,4,5206.4165,580.6667,1,0.5,0.0,0.5,0.0,1,0,0,1,0,0,0,0,1,0,0.12135942
2722333,77,1,0,2,4993.7,325.0,1,0.0,1.0,0.0,0.0,1,0,1,0,0,0,0,0,1,0,0.121661924
2717423,62,1,0,3,6258.7,650.0,1,0.0,0.0,0.0,0.0,1,0,0,0,0,0,0,0,1,0,0.12168759
2808645,39,6,1,3,3609.5166,1103.6667,1,0.16666667,0.0,0.6666667,0.0,1,0,0,0,0,1,0,0,0,0,0.12183569
2710154,44,1,0,3,943.3333,368.3333,1,0.0,0.0,0.0,0.0,1,0,0,0,1,0,0,0,0,0,0.12187965
2734503,50,2,0,3,3541.8,433.3333,1,0.0,0.0,0.0,0.0,1,0,0,0,0,0,0,0,1,0,0.122080185
2669985,64,1,0,3,1068.3333,173.3333,2,0.0,0.0,0.0,0.0,1,0,0,0,1,0,0,0,0,0,0.1220816
2737163,31,1,1,2,2036.6667,931.6667,1,1.0,0.0,0.0,0.0,1,0,1,0,0,0,0,0,1,0,0.12229611
2742693,22,1,1,1,6972.2603,130.0,2,1.0,0.0,0.0,0.0,1,1,0,0,0,0,0,0,1,0,0.12237656
2685514,58,2,1,1,18055.18,2535.0,1,0.5,0.0,0.0,0.0,1,1,0,0,0,1,0,0,0,0,0.12239651
2673585,43,4,2,4,9376.417,445.0,1,0.5,0.0,0.5,0.0,1,0,0,1,0,0,0,0,1,5964,0.122436434
2681504,54,2,2,3,17176.18,5016.0,1,1.0,0.0,0.0,0.0,1,0,0,0,0,0,0,0,1,0,0.12250695
2659465,49,2,2,2,21998.14,1170.0,1,1.0,0.0,0.0,0.0,1,0,1,0,0,0,0,0,1,0,0.12289528
2783103,19,1,0,3,1311.0,403.0,2,0.0,0.0,0.0,0.0,1,0,0,0,0,0,0,0,0,0,0.12320347
2659605,35,3,1,4,7067.8335,866.6667,1,0.33333334,0.0,0.33333334,0.33333334,1,0,0,1,0,0,0,0,1,0,0.12365069
2710084,66,1,0,3,1273.6667,252.6667,1,0.0,1.0,0.0,0.0,1,0,0,0,1,0,0,0,0,0,0.12371722
2755362,74,1,1,3,5197.4497,765.0,1,1.0,1.0,0.0,0.0,1,0,0,0,0,0,0,0,1,0,0.12390718
2700614,40,3,3,4,4131.1,346.6667,1,1.0,0.0,0.33333334,0.0,1,0,0,1,0,0,0,0,1,0,0.12407029
2733683,61,2,2,3,6866.8335,1083.3333,1,1.0,0.0,0.0,0.0,1,0,0,0,0,0,0,0,1,0,0.12414239
2711235,23,1,1,2,1091.3333,520.0,2,1.0,0.0,0.0,0.0,1,0,1,0,0,0,0,0,1,0,0.12479174
2765422,60,1,0,3,3121.3333,484.3333,1,0.0,0.0,0.0,0.0,0,0,0,0,0,0,0,0,1,0,0.12488536
2730063,49,2,1,1,5784.6333,606.6667,1,0.5,0.5,0.0,0.0,1,1,0,0,0,0,0,0,1,0,0.12505147
2718573,38,4,2,1,19355.3,2385.0,1,0.5,0.0,0.5,0.0,1,1,0,0,0,0,0,0,1,0,0.12510623
2705654,51,1,1,3,877.6333,325.0,1,1.0,0.0,0.0,0.0,1,0,0,0,0,0,0,0,1,0,0.12518042
2762985,22,1,1,3,8857.0,1386.6667,1,1.0,0.0,0.0,0.0,1,0,0,0,0,0,0,0,1,0,0.1253005
2700844,75,1,0,2,3066.8,260.0,1,0.0,1.0,0.0,0.0,1,0,1,0,0,0,0,0,1,2400,0.12569027
2659775,47,2,2,4,12878.366,2146.6667,1,1.0,0.0,0.0,0.0,1,0,0,1,0,0,0,0,1,0,0.12571807
2676065,60,2,1,3,2947.4,195.0,1,0.5,0.0,0.0,0.0,1,0,0,0,0,0,0,0,1,0,0.12575501
2653345,80,2,0,2,31269.4,2545.0,1,0.0,1.0,0.0,0.0,1,0,1,0,0,0,0,0,1,2160,0.12577714
2659695,48,4,1,4,31955.334,1256.6667,1,0.25,0.0,0.5,0.25,1,0,0,1,0,0,0,0,1,0,0.12598602
2657405,63,1,1,4,10381.5,1071.0,1,1.0,0.0,0.0,0.0,1,0,0,1,0,0,0,0,1,0,0.12622909
2721043,30,1,1,4,8664.75,1538.0,1,1.0,0.0,0.0,0.0,1,0,0,1,0,0,0,0,1,780,0.12636824
2732363,56,3,2,3,8142.2334,2127.3333,1,0.6666667,0.33333334,0.33333334,0.0,1,0,0,0,0,0,0,0,1,0,0.12640376
2655195,44,5,2,3,55492.68,4870.0,1,0.4,0.0,0.6,0.0,1,0,0,0,0,0,0,0,1,0,0.12652735
2714943,33,2,2,4,8206.8,1105.0,1,1.0,0.0,0.0,0.0,1,0,0,1,0,0,0,0,1,0,0.1266384
2762332,43,3,2,3,14916.167,1594.6667,1,0.6666667,0.0,0.33333334,0.0,1,0,0,0,0,0,0,0,1,0,0.1266452
2727083,48,3,1,3,8321.066,1126.6667,1,0.33333334,0.0,0.33333334,0.0,1,0,0,0,1,0,0,0,0,0,0.12669262
2753042,26,1,1,2,12460.0,1495.0,1,1.0,0.0,0.0,0.0,1,0,1,0,0,0,0,0,1,0,0.12675054
2728453,60,2,2,2,2841.5332,996.6667,1,1.0,0.0,0.0,0.0,1,0,1,0,0,0,0,0,1,0,0.12682523
2786793,58,1,0,3,2673.7,455.0,1,0.0,0.0,0.0,0.0,1,0,0,0,0,0,0,0,1,0,0.12693934
2713643,59,2,1,4,26782.879,1235.0,1,0.5,0.5,0.0,0.0,1,0,0,1,0,0,0,0,1,0,0.1270716
2726903,54,6,1,2,6674.967,1646.6667,1,0.16666667,0.0,0.33333334,0.0,1,0,1,0,0,0,0,0,1,0,0.12738878
2763412,30,5,1,2,3952.2666,1343.3333,1,0.2,0.0,0.6,0.2,0,0,1,0,0,0,0,0,1,0,0.12773308
2739373,46,2,2,1,3534.0833,433.3333,1,1.0,0.0,0.0,0.0,1,1,0,0,0,0,0,0,0,0,0.1277723
2739713,53,2,2,2,8376.453,598.3333,1,1.0,0.0,0.0,0.0,1,0,1,0,0,0,0,0,1,0,0.12794979
2743743,19,1,1,2,990.0833,108.3333,2,1.0,0.0,0.0,0.0,1,0,1,0,0,0,0,0,1,0,0.12811159
2755752,29,2,2,4,14023.0,718.0,1,1.0,0.0,0.0,0.0,1,0,0,1,0,0,0,0,1,0,0.1281685
2661585,78,1,1,3,3004.3667,819.3333,1,1.0,1.0,0.0,0.0,1,0,0,0,0,0,0,0,1,0,0.12820707
2687754,57,2,2,2,10329.1,2730.0,1,1.0,0.0,0.0,0.0,1,0,1,0,0,0,0,0,1,0,0.12826535
2725743,32,6,1,3,4050.9668,1378.0,1,0.16666667,0.0,0.6666667,0.0,1,0,0,0,0,0,0,0,1,0,0.12850252
2709644,46,4,2,3,3667.5598,628.3333,1,0.5,0.0,0.5,0.0,0,0,0,0,0,0,0,0,1,0,0.12859556
2760522,71,2,1,4,5305.467,1614.0,1,0.5,0.5,0.0,0.0,1,0,0,1,0,0,0,0,1,0,0.12861371
2698524,80,1,0,1,1317.6667,390.0,1,0.0,1.0,0.0,0.0,1,1,0,0,0,0,0,0,1,4800,0.12873861
2712854,53,2,2,3,2024.6667,476.6667,1,1.0,0.0,0.0,0.0,1,0,0,0,0,0,0,0,1,0,0.12875968
2714523,47,1,1,2,6548.75,845.0,1,1.0,0.0,0.0,0.0,1,0,1,0,0,0,0,0,1,0,0.12880522
2778052,29,2,1,4,1866.9,431.6667,1,0.5,0.0,0.0,0.0,1,0,0,1,0,0,0,0,1,0,0.1289012
2707564,53,1,1,2,4239.217,345.0,1,1.0,0.0,0.0,0.0,1,0,1,0,0,0,0,0,1,5700,0.12923773
2726983,69,2,0,1,6717.6,1300.0,1,0.0,1.0,0.0,0.0,1,1,0,0,0,0,0,0,1,0,0.12930739
2652335,60,1,1,4,28096.0,4940.0,1,1.0,0.0,0.0,0.0,1,0,0,1,0,0,0,0,1,0,0.1295
2695414,87,2,0,2,34621.934,520.0,1,0.0,1.0,0.0,0.0,1,0,1,0,0,0,0,0,1,3600,0.12967399
2779592,48,2,1,1,11957.583,1646.6667,1,0.5,0.0,0.0,0.0,1,1,0,0,0,0,0,0,1,0,0.12970416
2652615,71,1,0,3,4329.7,260.0,1,0.0,1.0,0.0,0.0,1,0,0,0,1,0,0,0,0,0,0.13003951
2693684,61,1,1,3,4727.067,703.3333,1,1.0,0.0,0.0,0.0,1,0,0,0,0,0,0,0,1,0,0.13006072
2763712,36,2,2,4,13410.786,953.3333,1,1.0,0.0,0.0,0.0,1,0,0,1,0,0,0,0,1,0,0.13008532
2761832,25,4,1,2,4443.8335,880.6667,1,0.25,0.0,0.75,0.25,0,0,1,0,0,0,0,0,1,0,0.13029458
2771982,57,1,1,1,4188.15,1720.0,1,1.0,0.0,0.0,0.0,1,1,0,0,0,0,0,0,1,0,0.13030723
2752722,43,3,2,3,15945.5,910.0,1,0.6666667,0.0,0.33333334,0.0,1,0,0,0,0,0,0,0,1,0,0.13038464
2740233,34,5,2,3,7669.4165,996.6667,1,0.4,0.0,0.6,0.0,1,0,0,0,0,0,0,0,1,0,0.13050473
2649465,60,2,1,3,13071.879,2275.0,1,0.5,0.0,0.0,0.0,1,0,0,0,0,0,0,0,1,0,0.13074559
2756002,60,1,0,4,2610.0,1105.0,1,0.0,0.0,0.0,0.0,1,0,0,1,0,1,0,0,0,0,0.13097791
2773762,72,1,1,4,2265.6667,281.6667,1,1.0,1.0,0.0,0.0,1,0,0,1,0,0,0,0,1,0,0.13098945
2754242,60,2,2,1,18393.93,3770.0,1,1.0,0.0,0.0,0.0,1,1,0,0,0,0,0,0,1,0,0.13124068
2687384,55,2,2,3,13842.45,2925.0,1,1.0,0.0,0.0,0.0,1,0,0,0,0,0,0,0,1,0,0.13141093
2702844,52,3,0,4,1418.3333,303.3333,1,0.0,0.0,0.0,0.0,1,0,0,1,0,0,0,0,1,0,0.13172768
2763732,28,2,2,3,4928.7666,693.3333,1,1.0,0.0,0.0,0.0,1,0,0,0,0,0,0,0,1,0,0.13184774
2656925,63,2,2,2,42377.95,1902.0,1,1.0,0.5,0.0,0.0,1,0,1,0,0,0,0,0,1,0,0.13201399
2721883,54,2,2,2,21499.5,2237.0,1,1.0,0.0,0.0,0.0,1,0,1,0,0,0,0,0,1,0,0.13207024
2772982,62,2,2,3,4523.4834,1090.0,1,1.0,0.0,0.0,0.0,1,0,0,0,0,0,0,0,1,0,0.13207659
2729383,40,3,0,3,4480.0,1300.0,1,0.0,0.0,0.33333334,0.0,1,0,0,0,0,0,0,0,1,0,0.13243988
2684454,67,3,3,2,8041.5,2340.0,1,1.0,0.33333334,0.0,0.0,1,0,1,0,0,0,0,0,1,0,0.13270248
2774992,34,2,2,3,10464.477,671.6667,1,1.0,0.0,0.0,0.0,1,0,0,0,0,0,0,0,1,0,0.13273062
2661825,28,1,1,3,3440.3333,953.3333,2,1.0,0.0,0.0,0.0,1,0,0,0,0,0,0,0,1,0,0.13273162
2780652,31,3,1,3,1307.5833,238.3333,1,0.33333334,0.0,0.33333334,0.0,1,0,0,0,0,0,0,0,1,0,0.13282765
2742143,68,2,0,3,4647.567,381.6667,1,0.0,0.5,0.0,0.0,1,0,0,0,0,0,0,0,1,0,0.13286565
2703054,54,3,2,1,3825.4834,346.6667,1,0.6666667,0.0,0.33333334,0.0,1,1,0,0,1,0,0,0,0,0,0.13319942
2758182,43,3,2,2,23299.15,1780.0,1,0.6666667,0.0,0.6666667,0.0,1,0,1,0,0,0,0,0,1,0,0.13322286
2692354,53,3,2,3,5669.6665,1390.6667,1,0.6666667,0.0,0.0,0.0,1,0,0,0,0,0,0,0,1,0,0.13354397
2650495,53,2,2,3,17301.0,1820.0,1,1.0,0.0,0.0,0.0,1,0,0,0,0,0,0,0,1,0,0.13362035
2754402,33,4,1,3,8594.0,2405.0,1,0.25,0.0,0.5,0.0,1,0,0,0,0,0,0,0,1,0,0.13384439
2741043,54,3,2,1,17167.166,828.3333,1,0.6666667,0.0,0.0,0.0,1,1,0,0,0,0,0,0,1,0,0.13396502
2715913,37,1,1,4,29472.5,1545.0,1,1.0,0.0,0.0,0.0,1,0,0,1,0,0,0,1,0,0,0.13413343
2684274,43,6,2,2,9839.851,1690.0,1,0.33333334,0.0,0.33333334,0.0,1,0,1,0,0,0,0,0,1,0,0.13419454
2706344,46,1,1,3,1104.8333,216.6667,1,1.0,0.0,0.0,0.0,0,0,0,0,1,0,0,0,0,0,0.1342118
2649515,52,2,1,3,4426.2,1404.0,1,0.5,0.0,0.0,0.0,1,0,0,0,0,0,0,0,1,1668,0.1346722
2713693,42,4,2,1,11287.899,2215.0,1,0.5,0.0,0.5,0.0,1,1,0,0,0,0,0,0,1,2160,0.13494684
2751962,33,3,1,3,5542.25,520.0,1,0.33333334,0.0,0.6666667,0.0,1,0,0,0,0,0,0,0,1,0,0.13496204
2764732,60,2,2,3,6632.3335,780.0,1,1.0,0.0,0.0,0.0,1,0,0,0,0,0,0,0,1,0,0.1349764
2764592,64,1,0,2,1508.4667,303.3333,1,0.0,0.0,0.0,0.0,1,0,1,0,0,0,0,0,1,0,0.13498457
2677705,59,2,0,3,1409.9,143.0,1,0.0,0.5,0.0,0.0,0,0,0,0,0,0,0,0,1,0,0.13514166
2757502,31,3,2,4,15007.3,1660.0,1,0.6666667,0.0,0.33333334,0.0,1,0,0,1,0,0,0,0,1,0,0.13521609
2739683,27,6,4,4,5551.1167,1061.6667,1,0.6666667,0.0,0.0,0.0,1,0,0,1,0,0,0,0,1,0,0.13532436
2690694,45,5,2,3,14451.55,2535.0,1,0.4,0.0,0.6,0.0,1,0,0,0,0,0,0,0,1,1092,0.13593836
2651965,54,4,1,1,21724.0,2275.0,1,0.25,0.0,0.5,0.0,1,1,0,0,0,0,0,0,1,0,0.1359464
2740593,40,1,1,4,3448.7666,931.6667,1,1.0,0.0,0.0,0.0,1,0,0,1,0,1,0,0,0,0,0.13613485
2734093,52,4,2,3,7594.1,2210.0,1,0.5,0.0,0.25,0.0,1,0,0,0,0,0,0,0,1,0,0.13659516
2780272,61,2,1,2,9122.15,628.3333,1,0.5,0.5,0.0,0.0,1,0,1,0,0,0,0,0,1,0,0.13670416
2666545,51,1,1,3,2378.1667,693.3333,1,1.0,0.0,0.0,0.0,1,0,0,0,0,0,0,0,1,0,0.13676542
2759322,36,2,2,4,7947.5,433.3333,1,1.0,0.0,0.0,0.0,1,0,0,1,0,0,0,0,1,0,0.1367694
2759374,25,1,1,2,4638.2666,1230.6667,1,1.0,0.0,0.0,0.0,1,0,1,0,0,0,0,0,1,0,0.13682985
2709024,52,1,1,4,7349.8335,823.3333,1,1.0,0.0,0.0,0.0,1,0,0,1,0,0,0,0,1,1032,0.13704237
2685344,78,2,0,3,33464.0,1769.0,1,0.0,1.0,0.0,0.0,1,0,0,0,0,0,0,0,1,0,0.13712853
2704944,29,3,1,3,2942.5833,411.6667,1,0.33333334,0.0,0.6666667,0.33333334,1,0,0,0,0,0,0,0,1,0,0.13722172
2662055,39,5,3,3,10530.2,910.0,1,0.6,0.0,0.2,0.0,1,0,0,0,1,0,0,0,0,0,0.13735995
2753162,49,1,1,1,9922.5,1585.0,1,1.0,0.0,0.0,0.0,1,1,0,0,0,0,0,0,1,0,0.1374454
2725663,56,4,2,3,7340.1665,1936.6667,1,0.5,0.0,0.25,0.0,1,0,0,0,0,0,0,0,1,0,0.13762327
2780032,38,1,1,3,2536.9167,520.0,1,1.0,0.0,0.0,0.0,1,0,0,0,1,0,0,0,0,0,0.13764365
2771582,69,1,0,1,1213.1667,325.0,1,0.0,1.0,0.0,0.0,1,1,0,0,0,0,0,0,0,0,0.13832428
2754062,22,1,1,2,2472.25,650.0,1,1.0,0.0,0.0,0.0,1,0,1,0,1,0,0,0,0,0,0.13840412
2743903,45,2,1,2,2233.5,390.0,1,0.5,0.0,0.5,0.0,1,0,1,0,1,0,0,0,0,0,0.13843471
2706944,59,1,1,3,1854.0,476.6667,1,1.0,0.0,0.0,0.0,0,0,0,0,0,0,0,0,1,0,0.13845672
2769862,52,1,1,2,3004.4167,353.3333,1,1.0,0.0,0.0,0.0,1,0,1,0,1,0,0,0,0,840,0.13856377
2661335,59,1,0,3,2373.8,390.0,1,0.0,0.0,0.0,0.0,1,0,0,0,1,0,0,0,0,0,0.13857363
2651235,54,1,0,2,3195.0,585.0,1,0.0,0.0,0.0,0.0,0,0,1,0,0,0,0,0,1,0,0.13868812
2659805,43,4,1,4,7702.6665,866.6667,1,0.25,0.0,0.5,0.0,1,0,0,1,0,1,0,0,0,0,0.13881166
2681794,52,4,2,3,23914.25,3472.0,1,0.5,0.0,0.25,0.0,1,0,0,0,0,0,0,0,1,0,0.1388322
2692874,35,2,1,4,6275.2334,1126.6667,1,0.5,0.0,0.0,0.0,1,0,0,1,0,0,0,0,1,0,0.1390409
2682254,78,1,0,1,4180.0,975.0,1,0.0,1.0,0.0,0.0,1,1,0,0,0,0,0,0,1,0,0.1392062
2698554,54,2,2,3,7070.6665,216.6667,1,1.0,0.0,0.0,0.0,1,0,0,0,0,0,0,0,1,0,0.13962281
2729573,75,2,0,1,8664.267,1606.6667,1,0.0,1.0,0.0,0.0,1,1,0,0,0,0,0,0,1,0,0.13979408
2685244,41,2,1,3,11419.7,2340.0,1,0.5,0.0,0.0,0.0,1,0,0,0,0,0,0,0,1,0,0.14020677
2746043,71,3,0,3,1887.4667,587.0,1,0.0,0.33333334,0.33333334,0.0,1,0,0,0,1,0,0,0,0,0,0.14097796
2715183,51,2,2,2,10060.5,1365.0,1,1.0,0.0,0.0,0.0,1,0,1,0,0,0,0,0,1,0,0.14124826
2703274,87,1,0,1,1552.9,195.0,1,0.0,1.0,0.0,0.0,1,1,0,0,0,0,0,0,1,0,0.14125018
2714213,36,2,1,2,6244.55,910.0,1,0.5,0.0,0.5,0.0,1,0,1,0,0,0,0,0,0,0,0.14127026
2767812,87,2,0,3,2473.2666,303.3333,1,0.0,1.0,0.0,0.0,0,0,0,0,0,0,0,0,1,0,0.14132957
2764722,27,2,1,4,7839.8335,1833.3333,1,0.5,0.0,0.5,0.0,1,0,0,1,0,0,0,0,1,0,0.1414109
2658535,54,1,1,2,2916.2666,693.3333,1,1.0,0.0,0.0,0.0,0,0,1,0,0,0,0,0,1,0,0.1415824
2680284,75,2,2,3,8146.6,2145.0,1,1.0,1.0,0.0,0.0,1,0,0,0,0,0,0,0,1,0,0.14166437
2781815,39,2,2,NA,9556.0,2050.0,1,1.0,0.0,0.0,0.0,1,NA,NA,NA,0,0,0,0,1,0,0.14167136
2685094,67,2,1,1,15832.25,2520.0,1,0.5,0.5,0.0,0.0,1,1,0,0,0,0,0,0,1,0,0.14170885
2665095,62,2,2,4,13990.153,1057.3333,1,1.0,0.5,0.0,0.0,1,0,0,1,0,0,0,0,1,0,0.14176323
2673325,66,1,0,3,3007.4,336.6667,1,0.0,1.0,0.0,0.0,1,0,0,0,1,0,0,0,0,0,0.14179508
2678655,76,2,1,3,2848.1333,368.3333,1,0.5,1.0,0.0,0.0,1,0,0,0,0,0,0,0,1,0,0.14186811
2735413,20,1,1,2,598.8333,476.6667,1,1.0,0.0,0.0,0.0,1,0,1,0,0,0,0,0,1,0,0.14207473
2762532,76,2,0,3,3645.2666,650.0,1,0.0,1.0,0.0,0.0,1,0,0,0,0,0,0,0,1,0,0.14231874
2654595,54,5,2,1,20136.95,1905.0,1,0.4,0.2,0.2,0.0,1,1,0,0,0,0,0,0,1,0,0.14249925
2718763,42,1,1,4,10145.0,1845.0,1,1.0,0.0,0.0,0.0,1,0,0,1,0,0,0,0,1,0,0.14297004
2648755,87,1,1,1,35840.95,814.0,1,1.0,1.0,0.0,0.0,1,1,0,0,0,0,0,0,1,0,0.14328264
2724333,61,4,2,1,12948.85,2301.0,1,0.5,0.25,0.0,0.0,1,1,0,0,0,0,0,0,1,0,0.14336799
2747093,48,2,2,3,2836.5835,585.0,1,1.0,0.0,0.0,0.0,1,0,0,0,0,0,0,0,1,0,0.14391014
2743283,55,4,2,1,8632.583,1604.0,1,0.5,0.0,0.5,0.0,1,1,0,0,0,0,0,0,1,0,0.14402416
2680045,55,2,2,2,3080.15,435.0,1,1.0,0.0,0.0,0.0,1,0,1,0,0,0,0,0,1,5640,0.14412975
2705914,87,1,0,3,2676.2334,735.3333,1,0.0,1.0,0.0,0.0,1,0,0,0,0,0,0,0,1,0,0.14431296
2736983,39,1,0,2,662.0,156.0,1,0.0,0.0,0.0,0.0,1,0,1,0,0,0,0,0,1,0,0.14439291
2688894,21,1,1,1,2951.0,975.0,2,1.0,0.0,0.0,0.0,1,1,0,0,1,0,0,0,0,0,0.14470899
2649815,77,2,0,3,6596.7,3445.0,1,0.0,1.0,0.0,0.0,1,0,0,0,0,0,0,0,1,0,0.14482027
2685644,59,2,2,3,11213.5,1858.0,1,1.0,0.0,0.0,0.0,1,0,0,0,0,0,0,0,1,0,0.14485423
2777162,87,1,0,3,1011.0667,252.6667,1,0.0,1.0,0.0,0.0,1,0,0,0,0,0,0,0,1,0,0.14491872
2740763,66,2,2,3,2587.9167,398.6667,1,1.0,0.5,0.0,0.0,1,0,0,0,0,0,0,0,1,0,0.14496097
2691144,24,4,1,1,6642.5,1126.6667,1,0.25,0.0,0.5,0.25,1,1,0,0,0,0,0,0,1,0,0.14499123
2652945,60,3,1,2,7399.2,2340.0,1,0.33333334,0.0,0.0,0.0,1,0,1,0,0,0,0,0,1,0,0.14504002
2668705,80,1,0,1,2638.1333,433.3333,1,0.0,1.0,0.0,0.0,1,1,0,0,1,0,0,0,0,0,0.14510752
2769792,22,1,1,2,2014.1667,390.0,1,1.0,0.0,0.0,0.0,1,0,1,0,0,0,0,0,1,0,0.14528342
2673525,69,2,1,3,9493.167,936.6667,1,0.5,1.0,0.0,0.0,1,0,0,0,0,0,0,0,1,0,0.1459071
2713044,63,2,2,1,6094.5767,823.3333,1,1.0,0.0,0.0,0.0,1,1,0,0,0,0,0,0,1,0,0.14604665
2702394,29,2,2,3,3457.6333,650.0,1,1.0,0.0,0.0,0.0,1,0,0,0,0,0,0,0,1,9516,0.146125
2673365,70,2,0,1,3839.8,1190.0,1,0.0,1.0,0.0,0.0,1,1,0,0,0,0,0,0,1,0,0.14624225
2654475,47,1,1,1,6379.5,1430.0,1,1.0,0.0,0.0,0.0,1,1,0,0,0,0,0,0,1,0,0.14634071
2770975,24,1,1,4,1938.9167,279.0,1,1.0,0.0,0.0,0.0,1,0,0,1,0,0,0,0,1,0,0.14642565
2728033,65,1,0,3,2784.6667,433.3333,1,0.0,1.0,0.0,0.0,1,0,0,0,0,0,0,0,1,0,0.14685546
2696874,87,1,0,1,1440.3333,528.6667,1,0.0,1.0,0.0,0.0,1,1,0,0,0,1,0,0,0,0,0.14697532
2697834,24,1,1,2,3439.1667,251.3333,1,1.0,0.0,0.0,0.0,1,0,1,0,0,0,0,0,1,0,0.14699046
2744593,48,1,1,3,2943.25,303.3333,1,1.0,0.0,0.0,0.0,1,0,0,0,0,0,0,0,1,0,0.14720848
2674085,40,5,1,4,5071.5835,780.0,1,0.2,0.0,0.6,0.0,1,0,0,1,0,0,0,0,1,0,0.14736943
2724173,80,1,0,1,14030.7,780.0,1,0.0,1.0,0.0,0.0,1,1,0,0,0,0,0,0,1,0,0.14790599
2761152,81,3,1,4,8706.2,433.3333,1,0.33333334,0.6666667,0.0,0.0,1,0,0,1,0,1,0,0,0,0,0.14793947
2696764,80,1,0,2,4297.1333,852.0,1,0.0,1.0,0.0,0.0,1,0,1,0,0,0,0,0,1,0,0.14837465
2725063,34,4,2,4,8843.167,1560.0,1,0.5,0.0,0.5,0.0,1,0,0,1,0,0,0,0,1,0,0.14858092
2745813,37,2,1,3,4081.4167,671.6667,1,0.5,0.0,0.0,0.0,1,0,0,0,0,0,0,0,1,0,0.14891219
2773102,48,5,3,1,9105.667,1191.6667,1,0.6,0.0,0.4,0.0,1,1,0,0,0,0,0,0,1,0,0.1491652
2690084,43,3,2,3,34127.15,1235.0,1,0.6666667,0.0,0.33333334,0.0,1,0,0,0,0,0,0,0,1,0,0.14924838
2753582,56,2,1,4,11198.5,2925.0,1,0.5,0.0,0.0,0.0,1,0,0,1,0,0,0,0,1,0,0.14929597
2687274,22,3,1,3,7676.5,1430.0,1,0.33333334,0.0,0.0,0.0,1,0,0,0,0,0,0,0,1,0,0.1493107
2744523,53,2,2,1,3205.0,346.6667,1,1.0,0.0,0.0,0.0,1,1,0,0,0,0,0,0,1,0,0.14932412
2778082,70,2,0,3,2138.5667,195.0,1,0.0,0.5,0.0,0.0,1,0,0,0,0,0,0,0,1,0,0.14934215
2654575,76,2,2,3,22244.33,3334.0,1,1.0,1.0,0.0,0.0,1,0,0,0,0,0,0,0,1,0,0.14935337
2691924,68,2,1,1,8867.533,1183.3333,1,0.5,1.0,0.0,0.0,1,1,0,0,0,0,0,0,1,0,0.14938416
